protein_id,accession,prophage_id,original_product,length_aa,putative_function,nearest_neighbor_protein_id,nearest_neighbor_prophage_id,cosine_similarity,confidence
GCA_000392485.2__pp1__1695128-1736475__LBP_cg1635,GCA_000392485.2,pp1,hypothetical protein,87,hemolysin XhlA family protein,GCF_000148815.2__pp3__1793105-1845954__LPST_RS08315,pp3,0.9998,high
GCA_000392485.2__pp1__1695128-1736475__LBP_cg1639,GCA_000392485.2,pp1,hypothetical protein,53,DUF4355 domain-containing protein,GCF_000248095.2__pp2__574154-622103__LBLM1_RS11455,pp2,0.9505,high
GCA_000392485.2__pp1__1695128-1736475__LBP_cg1640,GCA_000392485.2,pp1,hypothetical protein,80,phage tail assembly chaperone G,GCF_000023085.1__pp2__513673-552269__JDM1_RS02570,pp2,0.9859,high
GCA_000392485.2__pp1__1695128-1736475__LBP_cg1642,GCA_000392485.2,pp1,hypothetical protein,785,phage tail spike protein,GCF_000338115.2__pp3__2072879-2122999__ZJ316_RS09755,pp3,0.9993,high
GCA_000392485.2__pp1__1695128-1736475__LBP_cg1643,GCA_000392485.2,pp1,hypothetical protein,589,phage distal tail protein,GCF_000338115.2__pp3__2072879-2122999__ZJ316_RS09760,pp3,0.9982,high
GCA_000392485.2__pp1__1695128-1736475__LBP_cg1645,GCA_000392485.2,pp1,hypothetical protein,61,SHOCT domain-containing protein,GCF_041888805.1__pp5__1559525-1628400__ACEPPB_RS08050,pp5,0.9867,high
GCA_000392485.2__pp1__1695128-1736475__LBP_cg1646,GCA_000392485.2,pp1,hypothetical protein,124,phage tail assembly chaperone,GCF_014131735.1__pp2__2214048-2255622__E5260_RS10440,pp2,0.9984,high
GCA_000392485.2__pp1__1695128-1736475__LBP_cg1648,GCA_000392485.2,pp1,hypothetical protein,126,DUF806 family protein,GCF_014131735.1__pp2__2214048-2255622__E5260_RS10450,pp2,0.997,high
GCA_000392485.2__pp1__1695128-1736475__LBP_cg1649,GCA_000392485.2,pp1,hypothetical protein,135,phage terminase small subunit P27 family,GCF_000023085.1__pp3__1024428-1064020__JDM1_RS04925,pp3,0.9816,high
GCA_000392485.2__pp1__1695128-1736475__LBP_cg1650,GCA_000392485.2,pp1,hypothetical protein,115,phage head closure protein,GCF_000148815.2__pp3__1793105-1845954__LPST_RS08380,pp3,0.9997,high
GCA_000392485.2__pp1__1695128-1736475__LBP_cg1654,GCA_000392485.2,pp1,putative bacteriophage portal protein,397,phage portal protein,GCF_001704335.1__pp1__2461-18355__AVR83_RS00070,pp1,0.9999,high
GCA_000392485.2__pp1__1695128-1736475__LBP_cg1655,GCA_000392485.2,pp1,hypothetical protein,64,DUF1056 family protein,GCF_000148815.2__pp3__1793105-1845954__LPST_RS08405,pp3,0.9993,high
GCA_000392485.2__pp1__1695128-1736475__LBP_cg1658,GCA_000392485.2,pp1,hypothetical protein,86,head protein,GCF_000008065.1__pp2__1286306-1330377__LJ_RS06195,pp2,0.9863,high
GCA_000392485.2__pp1__1695128-1736475__LBP_cg1660,GCA_000392485.2,pp1,hypothetical protein,50,phage terminase small subunit P27 family,GCF_000016825.1__pp1__733651-741034__LREU_RS03595,pp1,0.9749,high
GCA_000392485.2__pp1__1695128-1736475__LBP_cg1663,GCA_000392485.2,pp1,hypothetical protein,133,DUF1642 domain-containing protein,GCF_000338115.2__pp3__2072879-2122999__ZJ316_RS09860,pp3,0.9882,high
GCA_000392485.2__pp1__1695128-1736475__LBP_cg1664,GCA_000392485.2,pp1,hypothetical protein,132,YopX family protein,GCF_000023085.1__pp2__513673-552269__JDM1_RS02475,pp2,0.9911,high
GCA_000392485.2__pp1__1695128-1736475__LBP_cg1665,GCA_000392485.2,pp1,hypothetical protein,49,Thoeris anti-defense Tad2 family protein,GCF_000148815.2__pp3__1793105-1845954__LPST_RS08500,pp3,0.9666,high
GCA_000392485.2__pp1__1695128-1736475__LBP_cg1667,GCA_000392485.2,pp1,hypothetical protein,69,sporulation protein Cse60,GCF_000008065.1__pp2__1286306-1330377__LJ_RS06240,pp2,0.9796,high
GCA_000392485.2__pp1__1695128-1736475__LBP_cg1672,GCA_000392485.2,pp1,hypothetical protein,230,phage head-tail connector protein,GCF_000203855.3__pp1__590128-628381__LP_RS02880,pp1,0.9809,high
GCA_000392485.2__pp1__1695128-1736475__LBP_cg1673,GCA_000392485.2,pp1,hypothetical protein,219,DUF669 domain-containing protein,GCF_000203855.3__pp3__2163938-2219895__LP_RS10425,pp3,0.9956,high
GCA_000392485.2__pp1__1695128-1736475__LBP_cg1675,GCA_000392485.2,pp1,hypothetical protein,286,DUF1351 domain-containing protein,GCF_000023085.1__pp3__1024428-1064020__JDM1_RS04870,pp3,0.9998,high
GCA_000392485.2__pp1__1695128-1736475__LBP_cg1676,GCA_000392485.2,pp1,hypothetical protein,48,crAss001_48 related protein,GCF_000016825.1__pp2__869104-911067__LREU_RS04365,pp2,0.979,high
GCA_000392485.2__pp1__1695128-1736475__LBP_cg1677,GCA_000392485.2,pp1,hypothetical protein,84,head-tail connector protein,GCF_000338115.2__pp4__2405913-2448170__ZJ316_RS11500,pp4,0.985,high
GCA_000392485.2__pp1__1695128-1736475__LBP_cg1678,GCA_000392485.2,pp1,hypothetical protein,86,helix-turn-helix domain-containing protein,GCF_001704335.1__pp5__2192291-2268807__AVR83_RS10425,pp5,0.979,high
GCA_000392485.2__pp1__1695128-1736475__LBP_cg1679,GCA_000392485.2,pp1,hypothetical protein,41,type II toxin-antitoxin system YafQ family toxin,GCF_000010145.1__pp4__2020451-2042852__LAF_RS10145,pp4,0.9443,high
GCA_000392485.2__pp1__1695128-1736475__LBP_cg1681,GCA_000392485.2,pp1,hypothetical protein,50,DUF1056 family protein,GCF_000016825.1__pp3__1162622-1201468__LREU_RS10250,pp3,0.9776,high
GCA_000392485.2__pp1__1695128-1736475__LBP_cg1682,GCA_000392485.2,pp1,hypothetical protein,39,head-tail connector protein,GCF_041888805.1__pp5__1559525-1628400__ACEPPB_RS08035,pp5,0.9797,high
GCA_000392485.2__pp1__1695128-1736475__LBP_cg1685,GCA_000392485.2,pp1,hypothetical protein,37,IS66 family insertion sequence element accessory protein TnpB,GCF_041888805.1__pp2__343838-371175__ACEPPB_RS01670,pp2,0.9714,high
GCA_000392485.2__pp1__1695128-1736475__LBP_cg1686,GCA_000392485.2,pp1,hypothetical protein,76,phage head-tail connector protein,GCF_001704335.1__pp5__2192291-2268807__AVR83_RS10550,pp5,0.9844,high
GCA_000392485.2__pp1__1695128-1736475__LBP_cg1687,GCA_000392485.2,pp1,hypothetical protein,66,DUF2273 domain-containing protein,GCF_001704335.1__pp8__24101-56829__AVR83_RS17455,pp8,0.9728,high
GCA_000392485.2__pp1__1695128-1736475__LBP_cg1688,GCA_000392485.2,pp1,hypothetical protein,104,RusA family crossover junction endodeoxyribonuclease,GCF_000014525.1__pp2__1905582-1950646__LSEI_RS09390,pp2,0.9905,high
GCA_000392485.2__pp2__2026993-2083990__LBP_cg1970,GCA_000392485.2,pp2,hypothetical protein,87,hemolysin XhlA family protein,GCF_000148815.2__pp3__1793105-1845954__LPST_RS08315,pp3,0.9988,high
GCA_000392485.2__pp2__2026993-2083990__LBP_cg1972,GCA_000392485.2,pp2,hypothetical protein,57,XkdX family protein,GCF_000338115.2__pp4__2405913-2448170__ZJ316_RS16465,pp4,0.9735,high
GCA_000392485.2__pp2__2026993-2083990__LBP_cg1973,GCA_000392485.2,pp2,hypothetical protein,119,Prophage Lp2 protein 54,GCA_000392485.2__pp1__1695128-1736475__LBP_cg1637,pp1,0.9782,high
GCA_000392485.2__pp2__2026993-2083990__LBP_cg1975,GCA_000392485.2,pp2,hypothetical protein,42,XkdX family protein,GCF_000248095.2__pp2__574154-622103__LBLM1_RS11715,pp2,0.9831,high
GCA_000392485.2__pp2__2026993-2083990__LBP_cg1995,GCA_000392485.2,pp2,hypothetical protein,71,DUF2273 domain-containing protein,GCF_001704335.1__pp8__24101-56829__AVR83_RS17455,pp8,0.973,high
GCA_000392485.2__pp2__2026993-2083990__LBP_cg1998,GCA_000392485.2,pp2,hypothetical protein,66,RusA family crossover junction endodeoxyribonuclease,GCF_000248095.2__pp2__574154-622103__LBLM1_RS02915,pp2,0.9755,high
GCA_000392485.2__pp2__2026993-2083990__LBP_cg1999,GCA_000392485.2,pp2,hypothetical protein,121,ASCH domain-containing protein,GCF_000008065.1__pp1__327894-370611__LJ_RS01620,pp1,0.9937,high
GCA_000392485.2__pp2__2026993-2083990__LBP_cg2001,GCA_000392485.2,pp2,hypothetical protein,181,XkdX family protein,GCF_000026505.1__pp1__1102527-1140943__LGG_RS14710,pp1,0.8808,high
GCA_000392485.2__pp2__2026993-2083990__LBP_cg2002,GCA_000392485.2,pp2,hypothetical protein,155,ArpU family phage packaging/lysis transcriptional regulator,GCF_001704335.1__pp5__2192291-2268807__AVR83_RS10490,pp5,0.9991,high
GCA_000392485.2__pp2__2026993-2083990__LBP_cg2004,GCA_000392485.2,pp2,hypothetical protein,65,phage terminase small subunit P27 family,GCF_000026505.1__pp2__1528627-1569239__LGG_RS07350,pp2,0.9691,high
GCA_000392485.2__pp2__2026993-2083990__LBP_cg2009,GCA_000392485.2,pp2,hypothetical protein,321,exodeoxyribonuclease X C-terminal domain-containing protein,GCF_001704335.1__pp4__2129360-2166303__AVR83_RS09935,pp4,0.9993,high
GCA_000392485.2__pp2__2026993-2083990__LBP_cg2010,GCA_000392485.2,pp2,hypothetical protein,176,host-nuclease inhibitor Gam family protein,GCF_001704335.1__pp4__2129360-2166303__AVR83_RS09930,pp4,0.9998,high
GCA_000392485.2__pp2__2026993-2083990__LBP_cg2011,GCA_000392485.2,pp2,hypothetical protein,37,AbrB family transcriptional regulator,GCF_041888805.1__pp5__1559525-1628400__ACEPPB_RS08015,pp5,0.9707,high
GCA_000392485.2__pp2__2026993-2083990__LBP_cg2012,GCA_000392485.2,pp2,hypothetical protein,56,transcriptional regulator,GCF_000016825.1__pp1__733651-741034__LREU_RS03620,pp1,0.9612,high
GCA_000392485.2__pp2__2026993-2083990__LBP_cg2017,GCA_000392485.2,pp2,putative prophage Lp1 protein 2,239,Ltp family lipoprotein,GCF_000203855.3__pp1__590128-628381__LP_RS15865,pp1,0.9593,high
GCA_000392485.2__pp2__2026993-2083990__LBP_cg2020,GCA_000392485.2,pp2,hypothetical protein,48,XkdX family protein,GCF_000203855.3__pp1__590128-628381__LP_RS02950,pp1,0.9258,high
GCA_000392485.2__pp2__2026993-2083990__LBP_cg2025,GCA_000392485.2,pp2,hypothetical protein,66,Prophage Lp3 protein 24,GCA_000392485.2__pp2__2026993-2083990__LBP_cg2019,pp2,0.9777,high
GCA_000392485.2__pp2__2026993-2083990__LBP_cg2028,GCA_000392485.2,pp2,hypothetical protein,72,SHOCT domain-containing protein,GCF_000014425.1__pp2__1464980-1483558__LGAS_RS07325,pp2,0.7888,medium
GCA_000392485.2__pp2__2026993-2083990__LBP_cg2031,GCA_000392485.2,pp2,hypothetical protein,94,eL43 family ribosomal protein,GCF_001704335.1__pp4__2129360-2166303__AVR83_RS09965,pp4,0.9839,high
GCA_000392485.2__pp2__2026993-2083990__LBP_cg2035,GCA_000392485.2,pp2,hypothetical protein,72,phage head-tail connector protein,GCF_001704335.1__pp5__2192291-2268807__AVR83_RS10550,pp5,0.9849,high
GCA_000392485.2__pp2__2026993-2083990__LBP_cg2036,GCA_000392485.2,pp2,hypothetical protein,47,DUF1056 family protein,GCF_000016825.1__pp3__1162622-1201468__LREU_RS10250,pp3,0.965,high
GCA_000392485.2__pp2__2026993-2083990__LBP_cg2038,GCA_000392485.2,pp2,hypothetical protein,214,helix-turn-helix domain-containing protein,GCF_000023085.1__pp1__39443-53448__JDM1_RS00155,pp1,0.9995,high
GCF_000008065.1__pp1__327894-370611__LJ_RS01505,GCF_000008065.1,pp1,hypothetical protein,139,energy-coupling factor ABC transporter substrate-binding protein,GCF_041888805.1__pp7__1962103-2002786__ACEPPB_RS09780,pp7,0.986,high
GCF_000008065.1__pp1__327894-370611__LJ_RS10000,GCF_000008065.1,pp1,hypothetical protein,43,BC1881 family protein,GCF_000412205.1__pp2__2033545-2090819__LP16_RS16845,pp2,0.9836,high
GCF_000008065.1__pp1__327894-370611__LJ_RS09765,GCF_000008065.1,pp1,hypothetical protein,50,bacteriocin immunity protein,GCF_000389675.2__pp1__1807540-1828028__LA14_RS08925,pp1,0.9663,high
GCF_000008065.1__pp1__327894-370611__LJ_RS01555,GCF_000008065.1,pp1,hypothetical protein,121,DUF1642 domain-containing protein,GCF_000338115.2__pp3__2072879-2122999__ZJ316_RS09860,pp3,0.9787,high
GCF_000008065.1__pp1__327894-370611__LJ_RS01575,GCF_000008065.1,pp1,hypothetical protein,94,DUF6275 family protein,GCF_000016825.1__pp2__869104-911067__LREU_RS04435,pp2,0.9765,high
GCF_000008065.1__pp1__327894-370611__LJ_RS01585,GCF_000008065.1,pp1,hypothetical protein,61,phage head-tail connector protein,GCF_001704335.1__pp5__2192291-2268807__AVR83_RS10550,pp5,0.9816,high
GCF_000008065.1__pp1__327894-370611__LJ_RS10005,GCF_000008065.1,pp1,hypothetical protein,41,XkdX family protein,GCF_000203855.3__pp1__590128-628381__LP_RS02950,pp1,0.977,high
GCF_000008065.1__pp1__327894-370611__LJ_RS01615,GCF_000008065.1,pp1,hypothetical protein,351,Prophage protein,GCA_000392485.2__pp2__2026993-2083990__LBP_cg2000,pp2,0.9932,high
GCF_000008065.1__pp1__327894-370611__LJ_RS01625,GCF_000008065.1,pp1,hypothetical protein,196,phage holin,GCF_000014425.1__pp1__600763-679301__LGAS_RS03115,pp1,0.9718,high
GCF_000008065.1__pp1__327894-370611__LJ_RS01660,GCF_000008065.1,pp1,hypothetical protein,121,phage tail protein,GCF_000010145.1__pp2__531913-574579__LAF_RS02760,pp2,0.9879,high
GCF_000008065.1__pp1__327894-370611__LJ_RS01675,GCF_000008065.1,pp1,hypothetical protein,117,phage head closure protein,GCF_041888805.1__pp4__1529913-1535609__ACEPPB_RS07540,pp4,0.9875,high
GCF_000008065.1__pp1__327894-370611__LJ_RS01680,GCF_000008065.1,pp1,HK97-gp10 family putative phage morphogenesis protein,182,HK97 gp10 family phage protein,GCF_000148815.2__pp4__2142373-2187941__LPST_RS10115,pp4,0.9898,high
GCF_000008065.1__pp1__327894-370611__LJ_RS01685,GCF_000008065.1,pp1,hypothetical protein,122,DUF806 family protein,GCF_000338115.2__pp3__2072879-2122999__ZJ316_RS09785,pp3,0.9913,high
GCF_000008065.1__pp1__327894-370611__LJ_RS01700,GCF_000008065.1,pp1,hypothetical protein,97,phage head-tail connector protein,GCF_000014525.1__pp2__1905582-1950646__LSEI_RS09260,pp2,0.9862,high
GCF_000008065.1__pp1__327894-370611__LJ_RS01715,GCF_000008065.1,pp1,hypothetical protein,1624,phage tail protein,GCF_000023085.1__pp2__513673-552269__JDM1_RS02590,pp2,0.9902,high
GCF_000008065.1__pp1__327894-370611__LJ_RS09770,GCF_000008065.1,pp1,hypothetical protein,51,phage tail tube assembly chaperone,GCF_000016825.1__pp3__1162622-1201468__LREU_RS05815,pp3,0.942,high
GCF_000008065.1__pp1__327894-370611__LJ_RS01720,GCF_000008065.1,pp1,hypothetical protein,86,phage tail assembly chaperone,GCF_000148815.2__pp3__1793105-1845954__LPST_RS08360,pp3,0.9842,high
GCF_000008065.1__pp1__327894-370611__LJ_RS01725,GCF_000008065.1,pp1,hypothetical protein,135,DUF1056 family protein,GCF_001704335.1__pp1__2461-18355__AVR83_RS00075,pp1,0.9837,high
GCF_000008065.1__pp1__327894-370611__LJ_RS01730,GCF_000008065.1,pp1,hypothetical protein,85,phage holin,GCF_000008065.1__pp1__327894-370611__LJ_RS01735,pp1,0.9576,high
GCF_000008065.1__pp1__327894-370611__LJ_RS01745,GCF_000008065.1,pp1,hypothetical protein,72,sporulation protein Cse60,GCF_000008065.1__pp2__1286306-1330377__LJ_RS06240,pp2,0.9892,high
GCF_000008065.1__pp2__1286306-1330377__LJ_RS06110,GCF_000008065.1,pp2,hypothetical protein,73,phage tail tube assembly chaperone,GCF_000016825.1__pp3__1162622-1201468__LREU_RS05815,pp3,0.9687,high
GCF_000008065.1__pp2__1286306-1330377__LJ_RS06115,GCF_000008065.1,pp2,hypothetical protein,133,DUF3278 domain-containing protein,GCF_041888805.1__pp8__2084984-2096462__ACEPPB_RS10390,pp8,0.9771,high
GCF_000008065.1__pp2__1286306-1330377__LJ_RS06125,GCF_000008065.1,pp2,hypothetical protein,130,phage tail tube assembly chaperone,GCF_000016825.1__pp3__1162622-1201468__LREU_RS05815,pp3,0.972,high
GCF_000008065.1__pp2__1286306-1330377__LJ_RS06135,GCF_000008065.1,pp2,hypothetical protein,269,phage tail family protein,GCF_000248095.2__pp2__574154-622103__LBLM1_RS03040,pp2,0.9953,high
GCF_000008065.1__pp2__1286306-1330377__LJ_RS06145,GCF_000008065.1,pp2,hypothetical protein,113,protein-tyrosine phosphatase family protein,GCF_000014525.1__pp2__1905582-1950646__LSEI_RS09445,pp2,0.9842,high
GCF_000008065.1__pp2__1286306-1330377__LJ_RS06160,GCF_000008065.1,pp2,hypothetical protein,125,DUF3168 domain-containing protein,GCF_000014525.1__pp2__1905582-1950646__LSEI_RS09245,pp2,0.993,high
GCF_000008065.1__pp2__1286306-1330377__LJ_RS06165,GCF_000008065.1,pp2,HK97-gp10 family putative phage morphogenesis protein,92,tail protein,GCF_000203855.3__pp3__2163938-2219895__LP_RS10305,pp3,0.9869,high
GCF_000008065.1__pp2__1286306-1330377__LJ_RS06170,GCF_000008065.1,pp2,hypothetical protein,87,head-tail connector protein,GCF_000338115.2__pp4__2405913-2448170__ZJ316_RS11500,pp4,0.978,high
GCF_000008065.1__pp2__1286306-1330377__LJ_RS06180,GCF_000008065.1,pp2,hypothetical protein,311,Prophage Lp2 protein 40,GCA_000392485.2__pp2__2026993-2083990__LBP_cg1990,pp2,0.9864,high
GCF_000008065.1__pp2__1286306-1330377__LJ_RS06200,GCF_000008065.1,pp2,hypothetical protein,479,minor capsid protein,GCF_000248095.2__pp2__574154-622103__LBLM1_RS02975,pp2,0.9931,high
GCF_000008065.1__pp2__1286306-1330377__LJ_RS06220,GCF_000008065.1,pp2,hypothetical protein,218,DUF1828 domain-containing protein,GCF_014131735.1__pp1__1061088-1107946__E5260_RS04750,pp1,0.9889,high
GCF_000008065.1__pp2__1286306-1330377__LJ_RS06245,GCF_000008065.1,pp2,hypothetical protein,184,DUF6275 family protein,GCF_001704335.1__pp5__2192291-2268807__AVR83_RS10510,pp5,0.981,high
GCF_000008065.1__pp2__1286306-1330377__LJ_RS06250,GCF_000008065.1,pp2,hypothetical protein,132,phage terminase small subunit P27 family,GCF_014131735.1__pp2__2214048-2255622__E5260_RS10495,pp2,0.9908,high
GCF_000008065.1__pp2__1286306-1330377__LJ_RS06255,GCF_000008065.1,pp2,hypothetical protein,71,phage tail tube assembly chaperone,GCF_000010145.1__pp2__531913-574579__LAF_RS02765,pp2,0.9693,high
GCF_000008065.1__pp2__1286306-1330377__LJ_RS06260,GCF_000008065.1,pp2,hypothetical protein,296,conserved phage C-terminal domain-containing protein,GCF_000014425.1__pp1__600763-679301__LGAS_RS02875,pp1,0.9918,high
GCF_000008065.1__pp2__1286306-1330377__LJ_RS09805,GCF_000008065.1,pp2,hypothetical protein,48,XkdX family protein,GCF_000203855.3__pp1__590128-628381__LP_RS02950,pp1,0.9658,high
GCF_000008065.1__pp2__1286306-1330377__LJ_RS10015,GCF_000008065.1,pp2,hypothetical protein,43,BC1881 family protein,GCF_000412205.1__pp2__2033545-2090819__LP16_RS16845,pp2,0.9899,high
GCF_000008065.1__pp2__1286306-1330377__LJ_RS06310,GCF_000008065.1,pp2,hypothetical protein,134,ImmA/IrrE family metallo-endopeptidase,GCF_000014425.1__pp1__600763-679301__LGAS_RS02830,pp1,0.9881,high
GCF_000008065.1__pp2__1286306-1330377__LJ_RS09660,GCF_000008065.1,pp2,hypothetical protein,99,YSIRK-type signal peptide-containing protein,GCF_000165775.1__pp2__1078648-1089876__R0052_RS12790,pp2,0.9468,high
GCF_000008065.1__pp2__1286306-1330377__LJ_RS06325,GCF_000008065.1,pp2,hypothetical protein,98,HIRAN domain-containing protein,GCF_000148815.2__pp3__1793105-1845954__LPST_RS08525,pp3,0.9782,high
GCF_000008065.1__pp2__1286306-1330377__LJ_RS06330,GCF_000008065.1,pp2,hypothetical protein,151,DUF1828 domain-containing protein,GCF_000008065.1__pp1__327894-370611__LJ_RS01510,pp1,0.9854,high
GCF_000008065.1__pp2__1286306-1330377__LJ_RS06335,GCF_000008065.1,pp2,hypothetical protein,125,hemolysin XhlA family protein,GCF_000148815.2__pp3__1793105-1845954__LPST_RS08315,pp3,0.9669,high
GCF_000008065.1__pp2__1286306-1330377__LJ_RS06340,GCF_000008065.1,pp2,hypothetical protein,291,Ltp family lipoprotein,GCF_000203855.3__pp1__590128-628381__LP_RS15865,pp1,0.9809,high
GCF_000010145.1__pp1__269380-295395__LAF_RS01335,GCF_000010145.1,pp1,hypothetical protein,254,Ltp family lipoprotein,GCF_000203855.3__pp1__590128-628381__LP_RS15865,pp1,0.9625,high
GCF_000010145.1__pp1__269380-295395__LAF_RS01345,GCF_000010145.1,pp1,hypothetical protein,122,phage related protein,GCF_000008065.1__pp1__327894-370611__LJ_RS01590,pp1,0.9818,high
GCF_000010145.1__pp1__269380-295395__LAF_RS01350,GCF_000010145.1,pp1,hypothetical protein,70,phage head-tail connector protein,GCF_014131735.1__pp1__1061088-1107946__E5260_RS04995,pp1,0.8373,high
GCF_000010145.1__pp1__269380-295395__LAF_RS01355,GCF_000010145.1,pp1,hypothetical protein,169,phage head-tail connector protein,GCF_000008065.1__pp2__1286306-1330377__LJ_RS06175,pp2,0.9864,high
GCF_000010145.1__pp1__269380-295395__LAF_RS01360,GCF_000010145.1,pp1,hypothetical protein,111,DUF6877 family protein,GCF_000203855.3__pp3__2163938-2219895__LP_RS10380,pp3,0.9836,high
GCF_000010145.1__pp1__269380-295395__LAF_RS01365,GCF_000010145.1,pp1,hypothetical protein,116,"prophage P3 protein 11, DNA replication",GCF_000203855.3__pp4__2999326-3007279__LP_RS14110,pp4,0.9785,high
GCF_000010145.1__pp1__269380-295395__LAF_RS01380,GCF_000010145.1,pp1,hypothetical protein,67,RusA family crossover junction endodeoxyribonuclease,GCF_001704335.1__pp5__2192291-2268807__AVR83_RS10450,pp5,0.9732,high
GCF_000010145.1__pp1__269380-295395__LAF_RS11320,GCF_000010145.1,pp1,hypothetical protein,49,DUF1056 family protein,GCF_000338115.2__pp3__2072879-2122999__ZJ316_RS09820,pp3,0.9833,high
GCF_000010145.1__pp1__269380-295395__LAF_RS11045,GCF_000010145.1,pp1,hypothetical protein,63,recombinase family protein,GCF_041888805.1__pp5__1559525-1628400__ACEPPB_RS08060,pp5,0.9639,high
GCF_000010145.1__pp2__531913-574579__LAF_RS02585,GCF_000010145.1,pp2,hypothetical protein,94,Prophage Lp3 protein 24,GCA_000392485.2__pp2__2026993-2083990__LBP_cg2019,pp2,0.9801,high
GCF_000010145.1__pp2__531913-574579__LAF_RS02605,GCF_000010145.1,pp2,hypothetical protein,248,potassium-transporting ATPase subunit KdpA,GCF_000148815.2__pp5__12196-41603__LPST_RS15260,pp5,0.9701,high
GCF_000010145.1__pp2__531913-574579__LAF_RS02625,GCF_000010145.1,pp2,hypothetical protein,63,phage head-tail connector protein,GCF_001704335.1__pp5__2192291-2268807__AVR83_RS10550,pp5,0.9784,high
GCF_000010145.1__pp2__531913-574579__LAF_RS11325,GCF_000010145.1,pp2,hypothetical protein,55,phage tail assembly chaperone,GCF_000014425.1__pp1__600763-679301__LGAS_RS03050,pp1,0.9571,high
GCF_000010145.1__pp2__531913-574579__LAF_RS02635,GCF_000010145.1,pp2,hypothetical protein,175,DUF5067 domain-containing protein,GCF_000248095.2__pp2__574154-622103__LBLM1_RS11710,pp2,0.97,high
GCF_000010145.1__pp2__531913-574579__LAF_RS10535,GCF_000010145.1,pp2,hypothetical protein,106,DUF771 domain-containing protein,GCF_000338115.2__pp4__2405913-2448170__ZJ316_RS11610,pp4,0.9904,high
GCF_000010145.1__pp2__531913-574579__LAF_RS11545,GCF_000010145.1,pp2,hypothetical protein,41,Prophage Lp3 protein 24,GCA_000392485.2__pp2__2026993-2083990__LBP_cg2019,pp2,0.9483,high
GCF_000010145.1__pp2__531913-574579__LAF_RS11365,GCF_000010145.1,pp2,hypothetical protein,55,DUF1056 family protein,GCF_000026505.1__pp2__1528627-1569239__LGG_RS16420,pp2,0.9828,high
GCF_000010145.1__pp2__531913-574579__LAF_RS02660,GCF_000010145.1,pp2,hypothetical protein,66,head-tail connector protein,GCF_000014425.1__pp2__1464980-1483558__LGAS_RS07305,pp2,0.9799,high
GCF_000010145.1__pp2__531913-574579__LAF_RS02695,GCF_000010145.1,pp2,hypothetical protein,149,phage head-tail connector protein,GCF_000008065.1__pp2__1286306-1330377__LJ_RS06175,pp2,0.9822,high
GCF_000010145.1__pp2__531913-574579__LAF_RS02700,GCF_000010145.1,pp2,hypothetical protein,152,ArpU family phage packaging/lysis transcriptional regulator,GCF_001704335.1__pp5__2192291-2268807__AVR83_RS10355,pp5,0.9838,high
GCF_000010145.1__pp2__531913-574579__LAF_RS02705,GCF_000010145.1,pp2,hypothetical protein,270,DUF4393 domain-containing protein,GCF_000165775.1__pp3__1750321-1777635__R0052_RS10925,pp3,0.9917,high
GCF_000010145.1__pp2__531913-574579__LAF_RS02710,GCF_000010145.1,pp2,hypothetical protein,168,HNH endonuclease,GCF_001704335.1__pp1__2461-18355__AVR83_RS00095,pp1,0.9804,high
GCF_000010145.1__pp2__531913-574579__LAF_RS02725,GCF_000010145.1,pp2,hypothetical protein,60,DUF1056 family protein,GCF_000338115.2__pp3__2072879-2122999__ZJ316_RS09820,pp3,0.9839,high
GCF_000010145.1__pp2__531913-574579__LAF_RS02750,GCF_000010145.1,pp2,hypothetical protein,145,host-nuclease inhibitor Gam family protein,GCF_000014525.1__pp2__1905582-1950646__LSEI_RS09425,pp2,0.9841,high
GCF_000010145.1__pp2__531913-574579__LAF_RS11335,GCF_000010145.1,pp2,hypothetical protein,58,preprotein translocase subunit TatB,GCF_041888805.1__pp4__1529913-1535609__ACEPPB_RS07570,pp4,0.9463,high
GCF_000010145.1__pp2__531913-574579__LAF_RS02795,GCF_000010145.1,pp2,hypothetical protein,85,"phage major tail protein, TP901-1 family",GCF_000008065.1__pp2__1286306-1330377__LJ_RS06155,pp2,0.9793,high
GCF_000010145.1__pp2__531913-574579__LAF_RS02800,GCF_000010145.1,pp2,hypothetical protein,158,head-tail connector protein,GCF_000338115.2__pp4__2405913-2448170__ZJ316_RS11500,pp4,0.9925,high
GCF_000010145.1__pp2__531913-574579__LAF_RS02810,GCF_000010145.1,pp2,hypothetical protein,162,pyocin knob domain-containing protein,GCF_000010145.1__pp2__531913-574579__LAF_RS02805,pp2,0.9876,high
GCF_000010145.1__pp2__531913-574579__LAF_RS02815,GCF_000010145.1,pp2,hypothetical protein,106,hemolysin XhlA family protein,GCF_000023085.1__pp3__1024428-1064020__JDM1_RS05025,pp3,0.9791,high
GCF_000010145.1__pp3__759458-769856__LAF_RS03820,GCF_000010145.1,pp3,hypothetical protein,191,Ltp family lipoprotein,GCF_001704335.1__pp5__2192291-2268807__AVR83_RS19235,pp5,0.9578,high
GCF_000010145.1__pp3__759458-769856__LAF_RS10730,GCF_000010145.1,pp3,hypothetical protein,178,DUF5067 domain-containing protein,GCF_000248095.2__pp2__574154-622103__LBLM1_RS11710,pp2,0.9383,high
GCF_000010145.1__pp3__759458-769856__LAF_RS03835,GCF_000010145.1,pp3,hypothetical protein,104,phBC6A51 family helix-turn-helix protein,GCF_000338115.2__pp4__2405913-2448170__ZJ316_RS11535,pp4,0.9605,high
GCF_000010145.1__pp3__759458-769856__LAF_RS11345,GCF_000010145.1,pp3,hypothetical protein,51,phage tail tube assembly chaperone,GCF_000010145.1__pp2__531913-574579__LAF_RS02765,pp2,0.9838,high
GCF_000010145.1__pp3__759458-769856__LAF_RS03860,GCF_000010145.1,pp3,hypothetical protein,103,tail assembly chaperone,GCF_000014525.1__pp2__1905582-1950646__LSEI_RS09235,pp2,0.9755,high
GCF_000010145.1__pp3__759458-769856__LAF_RS03865,GCF_000010145.1,pp3,hypothetical protein,60,XkdX family protein,GCF_001704335.1__pp2__462968-500215__AVR83_RS18545,pp2,0.9813,high
GCF_000010145.1__pp3__759458-769856__LAF_RS03875,GCF_000010145.1,pp3,hypothetical protein,84,DUF771 domain-containing protein,GCF_000338115.2__pp4__2405913-2448170__ZJ316_RS11610,pp4,0.9908,high
GCF_000010145.1__pp3__759458-769856__LAF_RS11375,GCF_000010145.1,pp3,hypothetical protein,45,Prophage Lp3 protein 24,GCA_000392485.2__pp2__2026993-2083990__LBP_cg2019,pp2,0.9554,high
GCF_000010145.1__pp3__759458-769856__LAF_RS03880,GCF_000010145.1,pp3,hypothetical protein,69,DUF6877 family protein,GCF_000203855.3__pp3__2163938-2219895__LP_RS10380,pp3,0.9804,high
GCF_000010145.1__pp4__2020451-2042852__LAF_RS10160,GCF_000010145.1,pp4,hypothetical protein,158,DUF4393 domain-containing protein,GCF_000165775.1__pp3__1750321-1777635__R0052_RS10925,pp3,0.9818,high
GCF_000010145.1__pp4__2020451-2042852__LAF_RS10170,GCF_000010145.1,pp4,hypothetical protein,128,superinfection exclusion B family protein,GCF_000008065.1__pp2__1286306-1330377__LJ_RS06225,pp2,0.9645,high
GCF_000011985.1__pp1__1811745-1823767__LBA_RS08745,GCF_000011985.1,pp1,hypothetical protein,179,DUF3021 domain-containing protein,GCF_000165775.1__pp1__974932-1003815__R0052_RS05170,pp1,0.9546,high
GCF_000011985.1__pp1__1811745-1823767__LBA_RS08750,GCF_000011985.1,pp1,hypothetical protein,60,DUF2273 domain-containing protein,GCF_001704335.1__pp8__24101-56829__AVR83_RS17455,pp8,0.9733,high
GCF_000011985.1__pp1__1811745-1823767__LBA_RS08755,GCF_000011985.1,pp1,hypothetical protein,71,DUF1056 family protein,GCF_001704335.1__pp1__2461-18355__AVR83_RS00075,pp1,0.9824,high
GCF_000011985.1__pp1__1811745-1823767__LBA_RS08760,GCF_000011985.1,pp1,hypothetical protein,51,"bacteriocin-like peptide, LSEI_2386 family",GCF_000011985.1__pp1__1811745-1823767__LBA_RS09695,pp1,0.9741,high
GCF_000011985.1__pp1__1811745-1823767__LBA_RS08765,GCF_000011985.1,pp1,hypothetical protein,64,bacteriocin class II family protein,GCF_000011985.1__pp1__1811745-1823767__LBA_RS08795,pp1,0.9782,high
GCF_000011985.1__pp1__1811745-1823767__LBA_RS08770,GCF_000011985.1,pp1,hypothetical protein,63,ASCH domain-containing protein,GCF_000165775.1__pp2__1078648-1089876__R0052_RS05540,pp2,0.9695,high
GCF_000011985.1__pp1__1811745-1823767__LBA_RS08780,GCF_000011985.1,pp1,hypothetical protein,196,ABC transporter permease,GCF_000010145.1__pp4__2020451-2042852__LAF_RS10190,pp4,0.9516,high
GCF_000011985.1__pp1__1811745-1823767__LBA_RS08790,GCF_000011985.1,pp1,hypothetical protein,134,DUF3021 domain-containing protein,GCF_041888805.1__pp5__1559525-1628400__ACEPPB_RS07870,pp5,0.9814,high
GCF_000011985.1__pp1__1811745-1823767__LBA_RS08810,GCF_000011985.1,pp1,hypothetical protein,63,HK97 gp10 family phage protein,GCF_000014425.1__pp1__600763-679301__LGAS_RS03025,pp1,0.9484,high
GCF_000011985.1__pp1__1811745-1823767__LBA_RS09700,GCF_000011985.1,pp1,hypothetical protein,53,"bacteriocin-like peptide, LSEI_2386 family",GCF_000011985.1__pp1__1811745-1823767__LBA_RS09695,pp1,0.9659,high
GCF_000011985.1__pp1__1811745-1823767__LBA_RS08815,GCF_000011985.1,pp1,hypothetical protein,208,DUF3021 domain-containing protein,GCF_000165775.1__pp1__974932-1003815__R0052_RS05170,pp1,0.9794,high
GCF_000011985.1__pp1__1811745-1823767__LBA_RS09705,GCF_000011985.1,pp1,hypothetical protein,58,"bacteriocin-like peptide, LSEI_2386 family",GCF_000011985.1__pp1__1811745-1823767__LBA_RS09695,pp1,0.9555,high
GCF_000014425.1__pp1__600763-679301__LGAS_RS09625,GCF_000014425.1,pp1,hypothetical protein,45,DUF5049 domain-containing protein,GCF_000014425.1__pp2__1464980-1483558__LGAS_RS07280,pp2,0.9835,high
GCF_000014425.1__pp1__600763-679301__LGAS_RS02850,GCF_000014425.1,pp1,hypothetical protein,92,head-tail connector protein,GCF_000203855.3__pp3__2163938-2219895__LP_RS10540,pp3,0.9905,high
GCF_000014425.1__pp1__600763-679301__LGAS_RS09630,GCF_000014425.1,pp1,hypothetical protein,48,phage head-tail connector protein,GCF_000203855.3__pp3__2163938-2219895__LP_RS10325,pp3,0.9791,high
GCF_000014425.1__pp1__600763-679301__LGAS_RS02860,GCF_000014425.1,pp1,hypothetical protein,110,Prophage Lp4 protein 12,GCA_000392485.2__pp2__2026993-2083990__LBP_cg2032,pp2,0.9903,high
GCF_000014425.1__pp1__600763-679301__LGAS_RS02890,GCF_000014425.1,pp1,hypothetical protein,61,phage head-tail connector protein,GCF_001704335.1__pp5__2192291-2268807__AVR83_RS10550,pp5,0.9832,high
GCF_000014425.1__pp1__600763-679301__LGAS_RS02895,GCF_000014425.1,pp1,hypothetical protein,70,sporulation protein Cse60,GCF_000008065.1__pp2__1286306-1330377__LJ_RS06240,pp2,0.9855,high
GCF_000014425.1__pp1__600763-679301__LGAS_RS02905,GCF_000014425.1,pp1,hypothetical protein,87,DUF1642 domain-containing protein,GCF_000023085.1__pp2__513673-552269__JDM1_RS02480,pp2,0.9834,high
GCF_000014425.1__pp1__600763-679301__LGAS_RS02910,GCF_000014425.1,pp1,hypothetical protein,66,prophage P3 protein 9,GCF_000203855.3__pp4__2999326-3007279__LP_RS14120,pp4,0.9694,high
GCF_000014425.1__pp1__600763-679301__LGAS_RS02915,GCF_000014425.1,pp1,hypothetical protein,118,RusA family crossover junction endodeoxyribonuclease,GCF_000014525.1__pp2__1905582-1950646__LSEI_RS09390,pp2,0.9885,high
GCF_000014425.1__pp1__600763-679301__LGAS_RS02920,GCF_000014425.1,pp1,hypothetical protein,84,sporulation protein Cse60,GCF_000008065.1__pp2__1286306-1330377__LJ_RS06240,pp2,0.9754,high
GCF_000014425.1__pp1__600763-679301__LGAS_RS02930,GCF_000014425.1,pp1,hypothetical protein,73,phage head-tail connector protein,GCF_000008065.1__pp2__1286306-1330377__LJ_RS06175,pp2,0.9852,high
GCF_000014425.1__pp1__600763-679301__LGAS_RS09745,GCF_000014425.1,pp1,hypothetical protein,43,HIRAN domain-containing protein,GCF_000148815.2__pp3__1793105-1845954__LPST_RS08525,pp3,0.9664,high
GCF_000014425.1__pp1__600763-679301__LGAS_RS02935,GCF_000014425.1,pp1,hypothetical protein,96,RusA family crossover junction endodeoxyribonuclease,GCF_000014525.1__pp2__1905582-1950646__LSEI_RS09390,pp2,0.9881,high
GCF_000014425.1__pp1__600763-679301__LGAS_RS02940,GCF_000014425.1,pp1,hypothetical protein,72,DUF5049 domain-containing protein,GCF_041888805.1__pp5__1559525-1628400__ACEPPB_RS08000,pp5,0.9835,high
GCF_000014425.1__pp1__600763-679301__LGAS_RS09550,GCF_000014425.1,pp1,hypothetical protein,56,transcriptional regulator,GCF_000016825.1__pp1__733651-741034__LREU_RS03620,pp1,0.9624,high
GCF_000014425.1__pp1__600763-679301__LGAS_RS02945,GCF_000014425.1,pp1,hypothetical protein,176,phage related protein,GCF_000008065.1__pp1__327894-370611__LJ_RS01590,pp1,0.9879,high
GCF_000014425.1__pp1__600763-679301__LGAS_RS02970,GCF_000014425.1,pp1,hypothetical protein,218,DUF1828 domain-containing protein,GCF_014131735.1__pp1__1061088-1107946__E5260_RS04750,pp1,0.9899,high
GCF_000014425.1__pp1__600763-679301__LGAS_RS03000,GCF_000014425.1,pp1,hypothetical protein,65,HIRAN domain-containing protein,GCF_000148815.2__pp3__1793105-1845954__LPST_RS08525,pp3,0.9699,high
GCF_000014425.1__pp1__600763-679301__LGAS_RS03010,GCF_000014425.1,pp1,hypothetical protein,360,class 1b ribonucleoside-diphosphate reductase subunit alpha,GCF_000148815.2__pp5__12196-41603__LPST_RS15205,pp5,0.9881,high
GCF_000014425.1__pp1__600763-679301__LGAS_RS03020,GCF_000014425.1,pp1,hypothetical protein,120,head-tail adaptor protein,GCF_000016825.1__pp1__733651-741034__LREU_RS03580,pp1,0.9859,high
GCF_000014425.1__pp1__600763-679301__LGAS_RS03035,GCF_000014425.1,pp1,hypothetical protein,72,DUF6096 family protein,GCF_000008065.1__pp1__327894-370611__LJ_RS01695,pp1,0.9804,high
GCF_000014425.1__pp1__600763-679301__LGAS_RS03060,GCF_000014425.1,pp1,hypothetical protein,226,phage lysin,GCF_000023085.1__pp2__513673-552269__JDM1_RS15785,pp2,0.9848,high
GCF_000014425.1__pp1__600763-679301__LGAS_RS03085,GCF_000014425.1,pp1,putative phage tail protein,186,class 1b ribonucleoside-diphosphate reductase subunit alpha,GCF_000148815.2__pp5__12196-41603__LPST_RS15205,pp5,0.9846,high
GCF_000014425.1__pp1__600763-679301__LGAS_RS03095,GCF_000014425.1,pp1,hypothetical protein,169,Prophage Lp1 protein 56,GCA_000392485.2__pp2__2026993-2083990__LBP_cg1976,pp2,0.9755,high
GCF_000014425.1__pp1__600763-679301__LGAS_RS03105,GCF_000014425.1,pp1,hypothetical protein,139,Prophage Lp3 protein 24,GCA_000392485.2__pp2__2026993-2083990__LBP_cg2019,pp2,0.9836,high
GCF_000014425.1__pp1__600763-679301__LGAS_RS03110,GCF_000014425.1,pp1,hypothetical protein,92,phage holin,GCF_000008065.1__pp1__327894-370611__LJ_RS01735,pp1,0.9508,high
GCF_000014425.1__pp1__600763-679301__LGAS_RS09635,GCF_000014425.1,pp1,hypothetical protein,45,DUF5049 domain-containing protein,GCF_000014425.1__pp2__1464980-1483558__LGAS_RS07280,pp2,0.9835,high
GCF_000014425.1__pp1__600763-679301__LGAS_RS03155,GCF_000014425.1,pp1,hypothetical protein,92,head-tail connector protein,GCF_000203855.3__pp3__2163938-2219895__LP_RS10540,pp3,0.9905,high
GCF_000014425.1__pp1__600763-679301__LGAS_RS09640,GCF_000014425.1,pp1,hypothetical protein,48,phage head-tail connector protein,GCF_000203855.3__pp3__2163938-2219895__LP_RS10325,pp3,0.9791,high
GCF_000014425.1__pp1__600763-679301__LGAS_RS03165,GCF_000014425.1,pp1,hypothetical protein,110,Prophage Lp4 protein 12,GCA_000392485.2__pp2__2026993-2083990__LBP_cg2032,pp2,0.9903,high
GCF_000014425.1__pp1__600763-679301__LGAS_RS03195,GCF_000014425.1,pp1,hypothetical protein,61,phage head-tail connector protein,GCF_001704335.1__pp5__2192291-2268807__AVR83_RS10550,pp5,0.9832,high
GCF_000014425.1__pp1__600763-679301__LGAS_RS03200,GCF_000014425.1,pp1,hypothetical protein,70,sporulation protein Cse60,GCF_000008065.1__pp2__1286306-1330377__LJ_RS06240,pp2,0.9855,high
GCF_000014425.1__pp1__600763-679301__LGAS_RS03210,GCF_000014425.1,pp1,hypothetical protein,87,DUF1642 domain-containing protein,GCF_000023085.1__pp2__513673-552269__JDM1_RS02480,pp2,0.9834,high
GCF_000014425.1__pp1__600763-679301__LGAS_RS03215,GCF_000014425.1,pp1,hypothetical protein,66,prophage P3 protein 9,GCF_000203855.3__pp4__2999326-3007279__LP_RS14120,pp4,0.9694,high
GCF_000014425.1__pp1__600763-679301__LGAS_RS03220,GCF_000014425.1,pp1,hypothetical protein,118,RusA family crossover junction endodeoxyribonuclease,GCF_000014525.1__pp2__1905582-1950646__LSEI_RS09390,pp2,0.9885,high
GCF_000014425.1__pp1__600763-679301__LGAS_RS03225,GCF_000014425.1,pp1,hypothetical protein,84,sporulation protein Cse60,GCF_000008065.1__pp2__1286306-1330377__LJ_RS06240,pp2,0.9754,high
GCF_000014425.1__pp1__600763-679301__LGAS_RS03235,GCF_000014425.1,pp1,hypothetical protein,73,phage head-tail connector protein,GCF_000008065.1__pp2__1286306-1330377__LJ_RS06175,pp2,0.9852,high
GCF_000014425.1__pp1__600763-679301__LGAS_RS09755,GCF_000014425.1,pp1,hypothetical protein,43,HIRAN domain-containing protein,GCF_000148815.2__pp3__1793105-1845954__LPST_RS08525,pp3,0.9664,high
GCF_000014425.1__pp1__600763-679301__LGAS_RS03240,GCF_000014425.1,pp1,hypothetical protein,96,RusA family crossover junction endodeoxyribonuclease,GCF_000014525.1__pp2__1905582-1950646__LSEI_RS09390,pp2,0.9881,high
GCF_000014425.1__pp1__600763-679301__LGAS_RS03245,GCF_000014425.1,pp1,hypothetical protein,72,DUF5049 domain-containing protein,GCF_041888805.1__pp5__1559525-1628400__ACEPPB_RS08000,pp5,0.9835,high
GCF_000014425.1__pp1__600763-679301__LGAS_RS09560,GCF_000014425.1,pp1,hypothetical protein,56,transcriptional regulator,GCF_000016825.1__pp1__733651-741034__LREU_RS03620,pp1,0.9624,high
GCF_000014425.1__pp1__600763-679301__LGAS_RS03250,GCF_000014425.1,pp1,hypothetical protein,176,phage related protein,GCF_000008065.1__pp1__327894-370611__LJ_RS01590,pp1,0.9879,high
GCF_000014425.1__pp1__600763-679301__LGAS_RS03275,GCF_000014425.1,pp1,hypothetical protein,218,DUF1828 domain-containing protein,GCF_014131735.1__pp1__1061088-1107946__E5260_RS04750,pp1,0.9899,high
GCF_000014425.1__pp1__600763-679301__LGAS_RS03305,GCF_000014425.1,pp1,hypothetical protein,65,HIRAN domain-containing protein,GCF_000148815.2__pp3__1793105-1845954__LPST_RS08525,pp3,0.9699,high
GCF_000014425.1__pp1__600763-679301__LGAS_RS03315,GCF_000014425.1,pp1,hypothetical protein,360,class 1b ribonucleoside-diphosphate reductase subunit alpha,GCF_000148815.2__pp5__12196-41603__LPST_RS15205,pp5,0.9881,high
GCF_000014425.1__pp1__600763-679301__LGAS_RS03325,GCF_000014425.1,pp1,hypothetical protein,120,head-tail adaptor protein,GCF_000016825.1__pp1__733651-741034__LREU_RS03580,pp1,0.9859,high
GCF_000014425.1__pp1__600763-679301__LGAS_RS03340,GCF_000014425.1,pp1,hypothetical protein,72,DUF6096 family protein,GCF_000008065.1__pp1__327894-370611__LJ_RS01695,pp1,0.9804,high
GCF_000014425.1__pp1__600763-679301__LGAS_RS03365,GCF_000014425.1,pp1,hypothetical protein,226,phage lysin,GCF_000023085.1__pp2__513673-552269__JDM1_RS15785,pp2,0.9848,high
GCF_000014425.1__pp1__600763-679301__LGAS_RS03390,GCF_000014425.1,pp1,putative phage tail protein,186,class 1b ribonucleoside-diphosphate reductase subunit alpha,GCF_000148815.2__pp5__12196-41603__LPST_RS15205,pp5,0.9846,high
GCF_000014425.1__pp1__600763-679301__LGAS_RS03400,GCF_000014425.1,pp1,hypothetical protein,169,Prophage Lp1 protein 56,GCA_000392485.2__pp2__2026993-2083990__LBP_cg1976,pp2,0.9755,high
GCF_000014425.1__pp1__600763-679301__LGAS_RS03410,GCF_000014425.1,pp1,hypothetical protein,139,Prophage Lp3 protein 24,GCA_000392485.2__pp2__2026993-2083990__LBP_cg2019,pp2,0.9836,high
GCF_000014425.1__pp1__600763-679301__LGAS_RS03415,GCF_000014425.1,pp1,hypothetical protein,92,phage holin,GCF_000008065.1__pp1__327894-370611__LJ_RS01735,pp1,0.9508,high
GCF_000014425.1__pp2__1464980-1483558__LGAS_RS07255,GCF_000014425.1,pp2,hypothetical protein,155,ArpU family phage packaging/lysis transcriptional regulator,GCF_000014525.1__pp2__1905582-1950646__LSEI_RS09345,pp2,0.9851,high
GCF_000014425.1__pp2__1464980-1483558__LGAS_RS07275,GCF_000014425.1,pp2,hypothetical protein,206,"cob(I)yrinic acid a,c-diamide adenosyltransferase",GCF_041888805.1__pp7__1962103-2002786__ACEPPB_RS09860,pp7,0.982,high
GCF_000014525.1__pp1__501259-545033__LSEI_RS02340,GCF_000014525.1,pp1,hypothetical protein,86,ASCH domain-containing protein,GCF_000008065.1__pp1__327894-370611__LJ_RS01620,pp1,0.9813,high
GCF_000014525.1__pp1__501259-545033__LSEI_RS02345,GCF_000014525.1,pp1,hypothetical protein,206,DUF4393 domain-containing protein,GCF_000165775.1__pp3__1750321-1777635__R0052_RS10925,pp3,0.9732,high
GCF_000014525.1__pp1__501259-545033__LSEI_RS02350,GCF_000014525.1,pp1,hypothetical protein,78,phage tail assembly chaperone,GCF_000014425.1__pp1__600763-679301__LGAS_RS03050,pp1,0.9761,high
GCF_000014525.1__pp1__501259-545033__LSEI_RS02355,GCF_000014525.1,pp1,putative zinc ribbon protein,235,DUF2321 domain-containing protein,GCF_000008065.1__pp2__1286306-1330377__LJ_RS06290,pp2,0.9854,high
GCF_000014525.1__pp1__501259-545033__LSEI_RS02370,GCF_000014525.1,pp1,hypothetical protein,82,recombinase family protein,GCF_041888805.1__pp5__1559525-1628400__ACEPPB_RS08060,pp5,0.9756,high
GCF_000014525.1__pp1__501259-545033__LSEI_RS02375,GCF_000014525.1,pp1,hypothetical protein,66,phage tail assembly chaperone G,GCF_000338115.2__pp2__1430063-1473182__ZJ316_RS06820,pp2,0.9881,high
GCF_000014525.1__pp1__501259-545033__LSEI_RS02390,GCF_000014525.1,pp1,hypothetical protein,59,P27 family phage terminase small subunit,GCF_000023085.1__pp2__513673-552269__JDM1_RS02520,pp2,0.9878,high
GCF_000014525.1__pp1__501259-545033__LSEI_RS02405,GCF_000014525.1,pp1,hypothetical protein,67,phage head-tail connector protein,GCF_000203855.3__pp1__590128-628381__LP_RS02880,pp1,0.9901,high
GCF_000014525.1__pp1__501259-545033__LSEI_RS02410,GCF_000014525.1,pp1,hypothetical protein,181,DUF4393 domain-containing protein,GCF_000014525.1__pp2__1905582-1950646__LSEI_RS09470,pp2,0.9701,high
GCF_000014525.1__pp1__501259-545033__LSEI_RS02440,GCF_000014525.1,pp1,hypothetical protein,140,"phage major tail protein, TP901-1 family",GCF_000008065.1__pp2__1286306-1330377__LJ_RS06155,pp2,0.9845,high
GCF_000014525.1__pp1__501259-545033__LSEI_RS02445,GCF_000014525.1,pp1,hypothetical protein,245,head-tail connector protein,GCF_000338115.2__pp4__2405913-2448170__ZJ316_RS11500,pp4,0.987,high
GCF_000014525.1__pp1__501259-545033__LSEI_RS02450,GCF_000014525.1,pp1,hypothetical protein,95,DUF771 domain-containing protein,GCF_001704335.1__pp5__2192291-2268807__AVR83_RS10310,pp5,0.9745,high
GCF_000014525.1__pp1__501259-545033__LSEI_RS02455,GCF_000014525.1,pp1,hypothetical protein,110,transcriptional regulator,GCF_000016825.1__pp1__733651-741034__LREU_RS03620,pp1,0.9703,high
GCF_000014525.1__pp1__501259-545033__LSEI_RS14645,GCF_000014525.1,pp1,hypothetical protein,99,GcrA family cell cycle regulator,GCF_000014525.1__pp2__1905582-1950646__LSEI_RS09330,pp2,0.9747,high
GCF_000014525.1__pp1__501259-545033__LSEI_RS02505,GCF_000014525.1,pp1,hypothetical protein,92,head protein,GCF_000008065.1__pp2__1286306-1330377__LJ_RS06195,pp2,0.9876,high
GCF_000014525.1__pp1__501259-545033__LSEI_RS02510,GCF_000014525.1,pp1,hypothetical protein,88,RusA family crossover junction endodeoxyribonuclease,GCF_001704335.1__pp5__2192291-2268807__AVR83_RS10450,pp5,0.9731,high
GCF_000014525.1__pp1__501259-545033__LSEI_RS14190,GCF_000014525.1,pp1,hypothetical protein,58,protein-tyrosine phosphatase family protein,GCF_000014525.1__pp2__1905582-1950646__LSEI_RS09445,pp2,0.9817,high
GCF_000014525.1__pp1__501259-545033__LSEI_RS02515,GCF_000014525.1,pp1,hypothetical protein,75,phage holin family protein,GCF_000023085.1__pp2__513673-552269__JDM1_RS02615,pp2,0.9763,high
GCF_000014525.1__pp1__501259-545033__LSEI_RS02520,GCF_000014525.1,pp1,hypothetical protein,413,recombinase RecT,GCF_000010145.1__pp3__759458-769856__LAF_RS03885,pp3,0.964,high
GCF_000014525.1__pp1__501259-545033__LSEI_RS02535,GCF_000014525.1,pp1,hypothetical protein,192,Prophage Lp3 protein 24,GCA_000392485.2__pp2__2026993-2083990__LBP_cg2019,pp2,0.9788,high
GCF_000014525.1__pp1__501259-545033__LSEI_RS02550,GCF_000014525.1,pp1,hypothetical protein,111,LPXTG cell wall anchor domain-containing protein,GCF_000026505.1__pp2__1528627-1569239__LGG_RS15705,pp2,0.9734,high
GCF_000014525.1__pp1__501259-545033__LSEI_RS02555,GCF_000014525.1,pp1,hypothetical protein,198,tail assembly chaperone,GCF_000412205.1__pp2__2033545-2090819__LP16_RS09625,pp2,0.9896,high
GCF_000014525.1__pp1__501259-545033__LSEI_RS02570,GCF_000014525.1,pp1,hypothetical protein,214,thioredoxin family protein,GCF_000014525.1__pp1__501259-545033__LSEI_RS02575,pp1,0.9574,high
GCF_000014525.1__pp1__501259-545033__LSEI_RS02580,GCF_000014525.1,pp1,hypothetical protein,273,potassium-transporting ATPase subunit KdpC,GCF_000148815.2__pp5__12196-41603__LPST_RS15250,pp5,0.9716,high
GCF_000014525.1__pp1__501259-545033__LSEI_RS02585,GCF_000014525.1,pp1,hypothetical protein,59,phage head-tail connector protein,GCF_000008065.1__pp2__1286306-1330377__LJ_RS06175,pp2,0.984,high
GCF_000014525.1__pp1__501259-545033__LSEI_RS02590,GCF_000014525.1,pp1,hypothetical protein,84,helix-turn-helix domain-containing protein,GCF_000026505.1__pp2__1528627-1569239__LGG_RS07250,pp2,0.9531,high
GCF_000014525.1__pp1__501259-545033__LSEI_RS02595,GCF_000014525.1,pp1,hypothetical protein,145,tail assembly chaperone,GCF_001704335.1__pp4__2129360-2166303__AVR83_RS10080,pp4,0.9816,high
GCF_000014525.1__pp1__501259-545033__LSEI_RS02605,GCF_000014525.1,pp1,hypothetical protein,81,phage head-tail connector protein,GCF_014131735.1__pp1__1061088-1107946__E5260_RS04995,pp1,0.9811,high
GCF_000014525.1__pp1__501259-545033__LSEI_RS14720,GCF_000014525.1,pp1,putative holin-like toxin,20,LPXTG cell wall anchor domain-containing protein,GCF_000026505.1__pp2__1528627-1569239__LGG_RS15705,pp2,0.9612,high
GCF_000014525.1__pp2__1905582-1950646__LSEI_RS09195,GCF_000014525.1,pp2,hypothetical protein,96,hemolysin XhlA family protein,GCF_000023085.1__pp3__1024428-1064020__JDM1_RS05025,pp3,0.9719,high
GCF_000014525.1__pp2__1905582-1950646__LSEI_RS09200,GCF_000014525.1,pp2,hypothetical protein,111,DUF1617 family protein,GCF_000148815.2__pp4__2142373-2187941__LPST_RS10075,pp4,0.9863,high
GCF_000014525.1__pp2__1905582-1950646__LSEI_RS09230,GCF_000014525.1,pp2,hypothetical protein,117,protein-tyrosine phosphatase family protein,GCF_000014525.1__pp2__1905582-1950646__LSEI_RS09445,pp2,0.9806,high
GCF_000014525.1__pp2__1905582-1950646__LSEI_RS09250,GCF_000014525.1,pp2,HK97-gp10 family putative phage morphogenesis protein,121,Prophage Lp2 protein 43,GCA_000392485.2__pp2__2026993-2083990__LBP_cg1987,pp2,0.9805,high
GCF_000014525.1__pp2__1905582-1950646__LSEI_RS09255,GCF_000014525.1,pp2,hypothetical protein,100,head-tail connector protein,GCF_000338115.2__pp4__2405913-2448170__ZJ316_RS11500,pp4,0.9827,high
GCF_000014525.1__pp2__1905582-1950646__LSEI_RS09300,GCF_000014525.1,pp2,hypothetical protein,108,Phage protein,GCA_000392485.2__pp2__2026993-2083990__LBP_cg1997,pp2,0.9773,high
GCF_000014525.1__pp2__1905582-1950646__LSEI_RS09325,GCF_000014525.1,pp2,hypothetical protein,53,phage terminase small subunit P27 family,GCF_014131735.1__pp2__2214048-2255622__E5260_RS10495,pp2,0.9671,high
GCF_000014525.1__pp2__1905582-1950646__LSEI_RS09335,GCF_000014525.1,pp2,hypothetical protein,73,Prophage Lp2 protein 24,GCA_000392485.2__pp2__2026993-2083990__LBP_cg2005,pp2,0.9822,high
GCF_000014525.1__pp2__1905582-1950646__LSEI_RS09360,GCF_000014525.1,pp2,hypothetical protein,76,DUF1056 family protein,GCF_000016825.1__pp3__1162622-1201468__LREU_RS10250,pp3,0.9827,high
GCF_000014525.1__pp2__1905582-1950646__LSEI_RS09365,GCF_000014525.1,pp2,hypothetical protein,136,DUF1617 family protein,GCF_000148815.2__pp4__2142373-2187941__LPST_RS10075,pp4,0.9881,high
GCF_000014525.1__pp2__1905582-1950646__LSEI_RS09370,GCF_000014525.1,pp2,hypothetical protein,59,Prophage Lp1 protein 32,GCA_000392485.2__pp1__1695128-1736475__LBP_cg1662,pp1,0.9721,high
GCF_000014525.1__pp2__1905582-1950646__LSEI_RS09375,GCF_000014525.1,pp2,hypothetical protein,108,phage head closure protein,GCF_041888805.1__pp4__1529913-1535609__ACEPPB_RS07540,pp4,0.9831,high
GCF_000014525.1__pp2__1905582-1950646__LSEI_RS09385,GCF_000014525.1,pp2,hypothetical protein,79,head protein,GCF_000008065.1__pp2__1286306-1330377__LJ_RS06195,pp2,0.9848,high
GCF_000014525.1__pp2__1905582-1950646__LSEI_RS09395,GCF_000014525.1,pp2,hypothetical protein,84,YopX family protein,GCF_001704335.1__pp1__2461-18355__AVR83_RS00125,pp1,0.9734,high
GCF_000014525.1__pp2__1905582-1950646__LSEI_RS09400,GCF_000014525.1,pp2,hypothetical protein,109,head-tail connector protein,GCF_000023085.1__pp3__1024428-1064020__JDM1_RS04950,pp3,0.9928,high
GCF_000014525.1__pp2__1905582-1950646__LSEI_RS14290,GCF_000014525.1,pp2,hypothetical protein,55,AbrB family transcriptional regulator,GCF_041888805.1__pp5__1559525-1628400__ACEPPB_RS08015,pp5,0.9819,high
GCF_000014525.1__pp2__1905582-1950646__LSEI_RS09430,GCF_000014525.1,pp2,hypothetical protein,83,phage head-tail connector protein,GCF_000148815.2__pp4__2142373-2187941__LPST_RS10125,pp4,0.9834,high
GCF_000014525.1__pp2__1905582-1950646__LSEI_RS14560,GCF_000014525.1,pp2,hypothetical protein,42,DUF1056 family protein,GCF_014131735.1__pp2__2214048-2255622__E5260_RS10485,pp2,0.9805,high
GCF_000014525.1__pp2__1905582-1950646__LSEI_RS09435,GCF_000014525.1,pp2,hypothetical protein,168,Prophage Lp2 protein 13,GCA_000392485.2__pp2__2026993-2083990__LBP_cg2013,pp2,0.9935,high
GCF_000014525.1__pp2__1905582-1950646__LSEI_RS14295,GCF_000014525.1,pp2,hypothetical protein,52,DUF6877 family protein,GCF_000203855.3__pp3__2163938-2219895__LP_RS10380,pp3,0.9836,high
GCF_000014525.1__pp2__1905582-1950646__LSEI_RS09440,GCF_000014525.1,pp2,hypothetical protein,162,phage head-tail connector protein,GCF_000203855.3__pp3__2163938-2219895__LP_RS10325,pp3,0.9887,high
GCF_000014525.1__pp2__1905582-1950646__LSEI_RS09460,GCF_000014525.1,pp2,hypothetical protein,282,Ltp family lipoprotein,GCF_001704335.1__pp5__2192291-2268807__AVR83_RS19235,pp5,0.9721,high
GCF_000014525.1__pp2__1905582-1950646__LSEI_RS09480,GCF_000014525.1,pp2,hypothetical protein,67,DUF1056 family protein,GCF_000338115.2__pp3__2072879-2122999__ZJ316_RS09820,pp3,0.972,high
GCF_000014525.1__pp2__1905582-1950646__LSEI_RS09490,GCF_000014525.1,pp2,hypothetical protein,131,P27 family phage terminase small subunit,GCF_000023085.1__pp2__513673-552269__JDM1_RS02520,pp2,0.9853,high
GCF_000014525.1__pp2__1905582-1950646__LSEI_RS09495,GCF_000014525.1,pp2,hypothetical protein,218,abortive infection family protein,GCF_001704335.1__pp5__2192291-2268807__AVR83_RS10370,pp5,0.9748,high
GCF_000016825.1__pp1__733651-741034__LREU_RS10730,GCF_000016825.1,pp1,hypothetical protein,135,DUF6275 family protein,GCF_001704335.1__pp5__2192291-2268807__AVR83_RS10510,pp5,0.9899,high
GCF_000016825.1__pp2__869104-911067__LREU_RS04270,GCF_000016825.1,pp2,hypothetical protein,173,DUF5067 domain-containing protein,GCF_000248095.2__pp2__574154-622103__LBLM1_RS11710,pp2,0.9465,high
GCF_000016825.1__pp2__869104-911067__LREU_RS04275,GCF_000016825.1,pp2,hypothetical protein,134,DUF4428 domain-containing protein,GCF_000148815.2__pp1__784086-803154__LPST_RS03605,pp1,0.9679,high
GCF_000016825.1__pp2__869104-911067__LREU_RS10620,GCF_000016825.1,pp2,hypothetical protein,42,BC1881 family protein,GCF_000148815.2__pp4__2142373-2187941__LPST_RS16175,pp4,0.9819,high
GCF_000016825.1__pp2__869104-911067__LREU_RS10625,GCF_000016825.1,pp2,hypothetical protein,40,energy-coupling factor ABC transporter substrate-binding protein,GCF_041888805.1__pp7__1962103-2002786__ACEPPB_RS09780,pp7,0.9778,high
GCF_000016825.1__pp2__869104-911067__LREU_RS04310,GCF_000016825.1,pp2,hypothetical protein,67,DUF1056 family protein,GCF_001704335.1__pp1__2461-18355__AVR83_RS00075,pp1,0.9778,high
GCF_000016825.1__pp2__869104-911067__LREU_RS10440,GCF_000016825.1,pp2,hypothetical protein,58,DUF5049 domain-containing protein,GCF_000014425.1__pp2__1464980-1483558__LGAS_RS07280,pp2,0.9811,high
GCF_000016825.1__pp2__869104-911067__LREU_RS04335,GCF_000016825.1,pp2,hypothetical protein,109,DUF771 domain-containing protein,GCF_000148815.2__pp4__2142373-2187941__LPST_RS10260,pp4,0.9805,high
GCF_000016825.1__pp2__869104-911067__LREU_RS04340,GCF_000016825.1,pp2,hypothetical protein,123,DUF1642 domain-containing protein,GCF_000203855.3__pp1__590128-628381__LP_RS02830,pp1,0.9909,high
GCF_000016825.1__pp2__869104-911067__LREU_RS04345,GCF_000016825.1,pp2,hypothetical protein,92,DUF771 domain-containing protein,GCF_001704335.1__pp5__2192291-2268807__AVR83_RS10310,pp5,0.9883,high
GCF_000016825.1__pp2__869104-911067__LREU_RS10445,GCF_000016825.1,pp2,hypothetical protein,50,DUF2273 domain-containing protein,GCF_001704335.1__pp8__24101-56829__AVR83_RS17455,pp8,0.9782,high
GCF_000016825.1__pp2__869104-911067__LREU_RS04355,GCF_000016825.1,pp2,hypothetical protein,64,sporulation protein Cse60,GCF_000008065.1__pp2__1286306-1330377__LJ_RS06240,pp2,0.9821,high
GCF_000016825.1__pp2__869104-911067__LREU_RS04360,GCF_000016825.1,pp2,hypothetical protein,86,DUF6275 family protein,GCF_000016825.1__pp2__869104-911067__LREU_RS04435,pp2,0.9757,high
GCF_000016825.1__pp2__869104-911067__LREU_RS04370,GCF_000016825.1,pp2,hypothetical protein,62,DUF771 domain-containing protein,GCF_000148815.2__pp4__2142373-2187941__LPST_RS10260,pp4,0.9773,high
GCF_000016825.1__pp2__869104-911067__LREU_RS04375,GCF_000016825.1,pp2,hypothetical protein,86,DUF6275 family protein,GCF_000016825.1__pp2__869104-911067__LREU_RS04435,pp2,0.9872,high
GCF_000016825.1__pp2__869104-911067__LREU_RS04380,GCF_000016825.1,pp2,hypothetical protein,103,RusA family crossover junction endodeoxyribonuclease,GCF_000014525.1__pp2__1905582-1950646__LSEI_RS09390,pp2,0.9874,high
GCF_000016825.1__pp2__869104-911067__LREU_RS10450,GCF_000016825.1,pp2,hypothetical protein,47,DUF1056 family protein,GCF_000016825.1__pp3__1162622-1201468__LREU_RS10250,pp3,0.9817,high
GCF_000016825.1__pp2__869104-911067__LREU_RS04385,GCF_000016825.1,pp2,hypothetical protein,140,ArpU family phage packaging/lysis transcriptional regulator,GCF_001704335.1__pp5__2192291-2268807__AVR83_RS10490,pp5,0.9864,high
GCF_000016825.1__pp2__869104-911067__LREU_RS04395,GCF_000016825.1,pp2,hypothetical protein,68,phage head-tail connector protein,GCF_000008065.1__pp2__1286306-1330377__LJ_RS06175,pp2,0.9834,high
GCF_000016825.1__pp2__869104-911067__LREU_RS04405,GCF_000016825.1,pp2,hypothetical protein,141,HK97 gp10 family phage protein,GCF_000338115.2__pp2__1430063-1473182__ZJ316_RS06805,pp2,0.9733,high
GCF_000016825.1__pp2__869104-911067__LREU_RS04415,GCF_000016825.1,pp2,hypothetical protein,167,phBC6A51 family helix-turn-helix protein,GCF_000248095.2__pp2__574154-622103__LBLM1_RS02955,pp2,0.9862,high
GCF_000016825.1__pp2__869104-911067__LREU_RS04455,GCF_000016825.1,pp2,hypothetical protein,104,phage head closure protein,GCF_041888805.1__pp4__1529913-1535609__ACEPPB_RS07540,pp4,0.9865,high
GCF_000016825.1__pp2__869104-911067__LREU_RS04460,GCF_000016825.1,pp2,hypothetical protein,186,Prophage Lp2 protein 43,GCA_000392485.2__pp2__2026993-2083990__LBP_cg1987,pp2,0.993,high
GCF_000016825.1__pp2__869104-911067__LREU_RS04465,GCF_000016825.1,pp2,hypothetical protein,136,phage tail terminator family protein,GCF_000014425.1__pp1__600763-679301__LGAS_RS03030,pp1,0.9926,high
GCF_000016825.1__pp2__869104-911067__LREU_RS04470,GCF_000016825.1,pp2,hypothetical protein,215,Phage major tail protein,GCA_000392485.2__pp1__1695128-1736475__LBP_cg1647,pp1,0.9905,high
GCF_000016825.1__pp2__869104-911067__LREU_RS04480,GCF_000016825.1,pp2,hypothetical protein,59,Prophage Lp2 protein 47,GCA_000392485.2__pp2__2026993-2083990__LBP_cg1983,pp2,0.9763,high
GCF_000016825.1__pp2__869104-911067__LREU_RS04505,GCF_000016825.1,pp2,hypothetical protein,90,DUF2977 domain-containing protein,GCF_000203855.3__pp1__590128-628381__LP_RS02945,pp1,0.9543,high
GCF_000016825.1__pp2__869104-911067__LREU_RS04510,GCF_000016825.1,pp2,hypothetical protein,90,phage tail assembly chaperone G,GCF_000023085.1__pp2__513673-552269__JDM1_RS02570,pp2,0.9846,high
GCF_000016825.1__pp2__869104-911067__LREU_RS04525,GCF_000016825.1,pp2,hypothetical protein,134,phage baseplate upper protein,GCF_000203855.3__pp1__590128-628381__LP_RS02935,pp1,0.9769,high
GCF_000016825.1__pp2__869104-911067__LREU_RS04530,GCF_000016825.1,pp2,hypothetical protein,148,crAss001_48 related protein,GCF_000016825.1__pp2__869104-911067__LREU_RS04365,pp2,0.9899,high
GCF_000016825.1__pp2__869104-911067__LREU_RS04535,GCF_000016825.1,pp2,hypothetical protein,389,Prophage Lp2 protein 53,GCA_000392485.2__pp1__1695128-1736475__LBP_cg1638,pp1,0.955,high
GCF_000016825.1__pp3__1162622-1201468__LREU_RS05785,GCF_000016825.1,pp3,hypothetical protein,89,P27 family phage terminase small subunit,GCF_000023085.1__pp2__513673-552269__JDM1_RS02520,pp2,0.9839,high
GCF_000016825.1__pp3__1162622-1201468__LREU_RS05790,GCF_000016825.1,pp3,hypothetical protein,80,DUF4355 domain-containing protein,GCF_000008065.1__pp1__327894-370611__LJ_RS01655,pp1,0.9509,high
GCF_000016825.1__pp3__1162622-1201468__LREU_RS05795,GCF_000016825.1,pp3,hypothetical protein,1359,pyocin knob domain-containing protein,GCF_000016825.1__pp2__869104-911067__LREU_RS04500,pp2,0.9935,high
GCF_000016825.1__pp3__1162622-1201468__LREU_RS10635,GCF_000016825.1,pp3,hypothetical protein,44,phage head-tail connector protein,GCF_014131735.1__pp1__1061088-1107946__E5260_RS04995,pp1,0.9853,high
GCF_000016825.1__pp3__1162622-1201468__LREU_RS05830,GCF_000016825.1,pp3,HK97-gp10 family putative phage morphogenesis protein,141,host-nuclease inhibitor Gam family protein,GCF_001704335.1__pp4__2129360-2166303__AVR83_RS09930,pp4,0.9884,high
GCF_000016825.1__pp3__1162622-1201468__LREU_RS05865,GCF_000016825.1,pp3,hypothetical protein,57,protein-tyrosine phosphatase family protein,GCF_000014525.1__pp2__1905582-1950646__LSEI_RS09445,pp2,0.9845,high
GCF_000016825.1__pp3__1162622-1201468__LREU_RS05870,GCF_000016825.1,pp3,hypothetical protein,145,DUF4428 domain-containing protein,GCF_000148815.2__pp1__784086-803154__LPST_RS03605,pp1,0.9748,high
GCF_000016825.1__pp3__1162622-1201468__LREU_RS05885,GCF_000016825.1,pp3,hypothetical protein,59,DUF771 domain-containing protein,GCF_001704335.1__pp5__2192291-2268807__AVR83_RS10310,pp5,0.9555,high
GCF_000016825.1__pp3__1162622-1201468__LREU_RS05900,GCF_000016825.1,pp3,hypothetical protein,280,NUDIX hydrolase,GCF_000148815.2__pp3__1793105-1845954__LPST_RS08560,pp3,0.9765,high
GCF_000016825.1__pp3__1162622-1201468__LREU_RS05910,GCF_000016825.1,pp3,hypothetical protein,140,ArpU family phage packaging/lysis transcriptional regulator,GCF_001704335.1__pp5__2192291-2268807__AVR83_RS10490,pp5,0.9864,high
GCF_000016825.1__pp3__1162622-1201468__LREU_RS10470,GCF_000016825.1,pp3,hypothetical protein,47,DUF1056 family protein,GCF_000016825.1__pp3__1162622-1201468__LREU_RS10250,pp3,0.9817,high
GCF_000016825.1__pp3__1162622-1201468__LREU_RS05915,GCF_000016825.1,pp3,hypothetical protein,103,RusA family crossover junction endodeoxyribonuclease,GCF_000014525.1__pp2__1905582-1950646__LSEI_RS09390,pp2,0.9874,high
GCF_000016825.1__pp3__1162622-1201468__LREU_RS05920,GCF_000016825.1,pp3,hypothetical protein,86,DUF6275 family protein,GCF_000016825.1__pp2__869104-911067__LREU_RS04435,pp2,0.9872,high
GCF_000016825.1__pp3__1162622-1201468__LREU_RS05925,GCF_000016825.1,pp3,hypothetical protein,62,DUF771 domain-containing protein,GCF_000148815.2__pp4__2142373-2187941__LPST_RS10260,pp4,0.9773,high
GCF_000016825.1__pp3__1162622-1201468__LREU_RS05935,GCF_000016825.1,pp3,hypothetical protein,86,DUF6275 family protein,GCF_000016825.1__pp2__869104-911067__LREU_RS04435,pp2,0.9757,high
GCF_000016825.1__pp3__1162622-1201468__LREU_RS05940,GCF_000016825.1,pp3,hypothetical protein,64,sporulation protein Cse60,GCF_000008065.1__pp2__1286306-1330377__LJ_RS06240,pp2,0.9821,high
GCF_000016825.1__pp3__1162622-1201468__LREU_RS10475,GCF_000016825.1,pp3,hypothetical protein,50,DUF2273 domain-containing protein,GCF_001704335.1__pp8__24101-56829__AVR83_RS17455,pp8,0.9782,high
GCF_000016825.1__pp3__1162622-1201468__LREU_RS05950,GCF_000016825.1,pp3,hypothetical protein,92,DUF771 domain-containing protein,GCF_001704335.1__pp5__2192291-2268807__AVR83_RS10310,pp5,0.9883,high
GCF_000016825.1__pp3__1162622-1201468__LREU_RS05955,GCF_000016825.1,pp3,hypothetical protein,123,DUF1642 domain-containing protein,GCF_000203855.3__pp1__590128-628381__LP_RS02830,pp1,0.9909,high
GCF_000016825.1__pp3__1162622-1201468__LREU_RS05960,GCF_000016825.1,pp3,hypothetical protein,109,DUF771 domain-containing protein,GCF_000148815.2__pp4__2142373-2187941__LPST_RS10260,pp4,0.9805,high
GCF_000016825.1__pp3__1162622-1201468__LREU_RS05980,GCF_000016825.1,pp3,hypothetical protein,76,DUF6877 family protein,GCF_000016825.1__pp2__869104-911067__LREU_RS04300,pp2,0.9836,high
GCF_000016825.1__pp3__1162622-1201468__LREU_RS05985,GCF_000016825.1,pp3,hypothetical protein,61,energy-coupling factor ABC transporter substrate-binding protein,GCF_041888805.1__pp7__1962103-2002786__ACEPPB_RS09780,pp7,0.9814,high
GCF_000016825.1__pp3__1162622-1201468__LREU_RS05990,GCF_000016825.1,pp3,hypothetical protein,168,TIGR02391 family protein,GCF_000014525.1__pp1__501259-545033__LSEI_RS02380,pp1,0.9739,high
GCF_000016825.1__pp3__1162622-1201468__LREU_RS10640,GCF_000016825.1,pp3,hypothetical protein,43,DUF5049 domain-containing protein,GCF_041888805.1__pp5__1559525-1628400__ACEPPB_RS07785,pp5,0.9819,high
GCF_000016825.1__pp3__1162622-1201468__LREU_RS05995,GCF_000016825.1,pp3,hypothetical protein,92,DUF771 domain-containing protein,GCF_000148815.2__pp4__2142373-2187941__LPST_RS10260,pp4,0.9874,high
GCF_000016825.1__pp3__1162622-1201468__LREU_RS06025,GCF_000016825.1,pp3,hypothetical protein,105,phage head-tail connector protein,GCF_000008065.1__pp2__1286306-1330377__LJ_RS06175,pp2,0.9874,high
GCF_000019245.4__pp1__971299-993782__LCAZH_RS05085,GCF_000019245.4,pp1,hypothetical protein,152,head-tail connector protein,GCF_001704335.1__pp3__1024001-1037032__AVR83_RS04965,pp3,0.9714,high
GCF_000019245.4__pp1__971299-993782__LCAZH_RS15405,GCF_000019245.4,pp1,hypothetical protein,40,LPXTG cell wall anchor domain-containing protein,GCF_000026505.1__pp2__1528627-1569239__LGG_RS15705,pp2,0.9633,high
GCF_000019245.4__pp1__971299-993782__LCAZH_RS05125,GCF_000019245.4,pp1,hypothetical protein,102,phage head-tail connector protein,GCF_000203855.3__pp1__590128-628381__LP_RS02880,pp1,0.9891,high
GCF_000019245.4__pp1__971299-993782__LCAZH_RS05145,GCF_000019245.4,pp1,hypothetical protein,73,phage head-tail connector protein,GCF_001704335.1__pp5__2192291-2268807__AVR83_RS10550,pp5,0.9869,high
GCF_000019245.4__pp1__971299-993782__LCAZH_RS15410,GCF_000019245.4,pp1,hypothetical protein,44,DUF1056 family protein,GCF_000338115.2__pp3__2072879-2122999__ZJ316_RS09820,pp3,0.9785,high
GCF_000019245.4__pp1__971299-993782__LCAZH_RS05150,GCF_000019245.4,pp1,hypothetical protein,63,DUF771 domain-containing protein,GCF_000148815.2__pp4__2142373-2187941__LPST_RS10260,pp4,0.9775,high
GCF_000019245.4__pp1__971299-993782__LCAZH_RS05155,GCF_000019245.4,pp1,hypothetical protein,91,phage head-tail connector protein,GCF_001704335.1__pp5__2192291-2268807__AVR83_RS10550,pp5,0.9876,high
GCF_000019245.4__pp1__971299-993782__LCAZH_RS05160,GCF_000019245.4,pp1,hypothetical protein,62,head-tail connector protein,GCF_000023085.1__pp3__1024428-1064020__JDM1_RS04950,pp3,0.9804,high
GCF_000019245.4__pp1__971299-993782__LCAZH_RS05175,GCF_000019245.4,pp1,hypothetical protein,113,prophage P3 protein 9,GCF_000203855.3__pp4__2999326-3007279__LP_RS14120,pp4,0.9873,high
GCF_000019245.4__pp1__971299-993782__LCAZH_RS05195,GCF_000019245.4,pp1,hypothetical protein,59,DUF1056 family protein,GCF_000026505.1__pp2__1528627-1569239__LGG_RS16420,pp2,0.9847,high
GCF_000019245.4__pp1__971299-993782__LCAZH_RS15215,GCF_000019245.4,pp1,hypothetical protein,46,phage holin,GCF_000008065.1__pp1__327894-370611__LJ_RS01735,pp1,0.956,high
GCF_000019245.4__pp2__21080-31953__LCAZH_RS14695,GCF_000019245.4,pp2,putative holin-like toxin,29,DUF1056 family protein,GCF_000016825.1__pp3__1162622-1201468__LREU_RS10250,pp3,0.9687,high
GCF_000019245.4__pp2__21080-31953__LCAZH_RS14700,GCF_000019245.4,pp2,putative holin-like toxin,29,DUF1056 family protein,GCF_000016825.1__pp3__1162622-1201468__LREU_RS10250,pp3,0.9687,high
GCF_000019245.4__pp2__21080-31953__LCAZH_RS00170,GCF_000019245.4,pp2,hypothetical protein,190,ASCH domain-containing protein,GCF_000008065.1__pp1__327894-370611__LJ_RS01620,pp1,0.9864,high
GCF_000023085.1__pp1__39443-53448__JDM1_RS00170,GCF_000023085.1,pp1,hypothetical protein,76,preprotein translocase subunit TatB,GCF_041888805.1__pp4__1529913-1535609__ACEPPB_RS07570,pp4,0.9576,high
GCF_000023085.1__pp1__39443-53448__JDM1_RS00185,GCF_000023085.1,pp1,hypothetical protein,139,Prophage Lp4 protein 12,GCA_000392485.2__pp2__2026993-2083990__LBP_cg2032,pp2,1.0,high
GCF_000023085.1__pp2__513673-552269__JDM1_RS02365,GCF_000023085.1,pp2,hypothetical protein,85,DUF6978 family protein,GCF_000148815.2__pp4__2142373-2187941__LPST_RS10325,pp4,0.9828,high
GCF_000023085.1__pp2__513673-552269__JDM1_RS15625,GCF_000023085.1,pp2,hypothetical protein,58,crAss001_48 related protein,GCF_000016825.1__pp2__869104-911067__LREU_RS04365,pp2,0.9847,high
GCF_000023085.1__pp2__513673-552269__JDM1_RS02375,GCF_000023085.1,pp2,hypothetical protein,222,toxin Cry1Ac domain D-VI-related protein,GCF_000338115.2__pp4__2405913-2448170__ZJ316_RS11640,pp4,0.9716,high
GCF_000023085.1__pp2__513673-552269__JDM1_RS02390,GCF_000023085.1,pp2,hypothetical protein,69,helix-turn-helix domain-containing protein,GCF_000148815.2__pp4__2142373-2187941__LPST_RS10275,pp4,0.9726,high
GCF_000023085.1__pp2__513673-552269__JDM1_RS02395,GCF_000023085.1,pp2,hypothetical protein,71,NUDIX hydrolase,GCF_000338115.2__pp2__1430063-1473182__ZJ316_RS06665,pp2,0.9827,high
GCF_000023085.1__pp2__513673-552269__JDM1_RS02400,GCF_000023085.1,pp2,hypothetical protein,60,helix-turn-helix domain-containing protein,GCF_000248095.2__pp3__645322-648828__LBLM1_RS03260,pp3,0.9798,high
GCF_000023085.1__pp2__513673-552269__JDM1_RS02405,GCF_000023085.1,pp2,hypothetical protein,90,helix-turn-helix domain-containing protein,GCF_001704335.1__pp5__2192291-2268807__AVR83_RS10425,pp5,0.9788,high
GCF_000023085.1__pp2__513673-552269__JDM1_RS02410,GCF_000023085.1,pp2,hypothetical protein,149,HIRAN domain-containing protein,GCF_000148815.2__pp3__1793105-1845954__LPST_RS08525,pp3,0.9865,high
GCF_000023085.1__pp2__513673-552269__JDM1_RS02415,GCF_000023085.1,pp2,hypothetical protein,61,protein-tyrosine phosphatase family protein,GCF_000014525.1__pp2__1905582-1950646__LSEI_RS09445,pp2,0.9709,high
GCF_000023085.1__pp2__513673-552269__JDM1_RS15630,GCF_000023085.1,pp2,hypothetical protein,56,IS66 family insertion sequence element accessory protein TnpB,GCF_041888805.1__pp2__343838-371175__ACEPPB_RS01670,pp2,0.9861,high
GCF_000023085.1__pp2__513673-552269__JDM1_RS02420,GCF_000023085.1,pp2,hypothetical protein,83,YopX family protein,GCF_001704335.1__pp1__2461-18355__AVR83_RS00125,pp1,0.9876,high
GCF_000023085.1__pp2__513673-552269__JDM1_RS02425,GCF_000023085.1,pp2,hypothetical protein,83,DUF6275 family protein,GCF_001704335.1__pp5__2192291-2268807__AVR83_RS10510,pp5,0.985,high
GCF_000023085.1__pp2__513673-552269__JDM1_RS02445,GCF_000023085.1,pp2,hypothetical protein,199,phage tail protein,GCF_000248095.2__pp2__574154-622103__LBLM1_RS03020,pp2,0.9767,high
GCF_000023085.1__pp2__513673-552269__JDM1_RS02450,GCF_000023085.1,pp2,hypothetical protein,184,Prophage Lp4 protein 12,GCA_000392485.2__pp2__2026993-2083990__LBP_cg2032,pp2,0.9883,high
GCF_000023085.1__pp2__513673-552269__JDM1_RS02470,GCF_000023085.1,pp2,hypothetical protein,74,ribosomal-processing cysteine protease Prp,GCF_000008065.1__pp1__327894-370611__LJ_RS09590,pp1,0.9802,high
GCF_000023085.1__pp2__513673-552269__JDM1_RS02485,GCF_000023085.1,pp2,hypothetical protein,103,protein-tyrosine phosphatase family protein,GCF_000014525.1__pp2__1905582-1950646__LSEI_RS09445,pp2,0.9855,high
GCF_000023085.1__pp2__513673-552269__JDM1_RS02490,GCF_000023085.1,pp2,hypothetical protein,143,transcriptional regulator,GCF_000148815.2__pp3__1793105-1845954__LPST_RS08445,pp3,0.9799,high
GCF_000023085.1__pp2__513673-552269__JDM1_RS02495,GCF_000023085.1,pp2,hypothetical protein,235,crAss001_48 related protein,GCF_000016825.1__pp2__869104-911067__LREU_RS04365,pp2,0.9724,high
GCF_000023085.1__pp2__513673-552269__JDM1_RS02500,GCF_000023085.1,pp2,hypothetical protein,71,phage head-tail connector protein,GCF_000203855.3__pp1__590128-628381__LP_RS02880,pp1,0.9874,high
GCF_000023085.1__pp2__513673-552269__JDM1_RS02510,GCF_000023085.1,pp2,hypothetical protein,84,ribosomal-processing cysteine protease Prp,GCF_000008065.1__pp1__327894-370611__LJ_RS09590,pp1,0.9843,high
GCF_000023085.1__pp2__513673-552269__JDM1_RS02515,GCF_000023085.1,pp2,hypothetical protein,83,DUF6275 family protein,GCF_000016825.1__pp2__869104-911067__LREU_RS04435,pp2,0.9806,high
GCF_000023085.1__pp2__513673-552269__JDM1_RS02545,GCF_000023085.1,pp2,hypothetical protein,101,phage head-tail connector protein,GCF_000248095.2__pp2__574154-622103__LBLM1_RS03000,pp2,0.99,high
GCF_000023085.1__pp2__513673-552269__JDM1_RS02550,GCF_000023085.1,pp2,hypothetical protein,131,phage head closure protein,GCF_001704335.1__pp1__2461-18355__AVR83_RS00050,pp1,0.9827,high
GCF_000023085.1__pp2__513673-552269__JDM1_RS02555,GCF_000023085.1,pp2,hypothetical protein,135,HK97 gp10 family phage protein,GCF_000338115.2__pp2__1430063-1473182__ZJ316_RS06805,pp2,0.9988,high
GCF_000023085.1__pp2__513673-552269__JDM1_RS02560,GCF_000023085.1,pp2,hypothetical protein,140,gp17 family tail completion protein,GCF_000248095.2__pp2__574154-622103__LBLM1_RS03015,pp2,0.9905,high
GCF_000023085.1__pp2__513673-552269__JDM1_RS15775,GCF_000023085.1,pp2,hypothetical protein,205,Ntn hydrolase family protein,GCF_000014525.1__pp1__501259-545033__LSEI_RS02465,pp1,0.9761,high
GCF_000023085.1__pp2__513673-552269__JDM1_RS02600,GCF_000023085.1,pp2,hypothetical protein,144,head-tail connector protein,GCF_000338115.2__pp3__2072879-2122999__ZJ316_RS09800,pp3,0.9815,high
GCF_000023085.1__pp2__513673-552269__JDM1_RS02605,GCF_000023085.1,pp2,hypothetical protein,125,DUF1056 family protein,GCF_001704335.1__pp1__2461-18355__AVR83_RS00075,pp1,0.9648,high
GCF_000023085.1__pp2__513673-552269__JDM1_RS02610,GCF_000023085.1,pp2,hypothetical protein,90,phage holin,GCF_000008065.1__pp1__327894-370611__LJ_RS01735,pp1,0.97,high
GCF_000023085.1__pp3__1024428-1064020__JDM1_RS04790,GCF_000023085.1,pp3,hypothetical protein,104,RusA family crossover junction endodeoxyribonuclease,GCF_000014525.1__pp2__1905582-1950646__LSEI_RS09390,pp2,0.9905,high
GCF_000023085.1__pp3__1024428-1064020__JDM1_RS04800,GCF_000023085.1,pp3,hypothetical protein,66,DUF2273 domain-containing protein,GCF_001704335.1__pp8__24101-56829__AVR83_RS17455,pp8,0.9728,high
GCF_000023085.1__pp3__1024428-1064020__JDM1_RS04820,GCF_000023085.1,pp3,hypothetical protein,71,DUF771 domain-containing protein,GCF_000014425.1__pp1__600763-679301__LGAS_RS03150,pp1,0.9755,high
GCF_000023085.1__pp3__1024428-1064020__JDM1_RS04830,GCF_000023085.1,pp3,hypothetical protein,69,phage head-tail connector protein,GCF_001704335.1__pp5__2192291-2268807__AVR83_RS10550,pp5,0.9892,high
GCF_000023085.1__pp3__1024428-1064020__JDM1_RS04835,GCF_000023085.1,pp3,hypothetical protein,71,tail assembly chaperone,GCF_000203855.3__pp3__2163938-2219895__LP_RS10300,pp3,0.9744,high
GCF_000023085.1__pp3__1024428-1064020__JDM1_RS04850,GCF_000023085.1,pp3,hypothetical protein,86,helix-turn-helix domain-containing protein,GCF_001704335.1__pp5__2192291-2268807__AVR83_RS10425,pp5,0.9789,high
GCF_000023085.1__pp3__1024428-1064020__JDM1_RS04860,GCF_000023085.1,pp3,hypothetical protein,84,transcriptional regulator,GCF_000016825.1__pp1__733651-741034__LREU_RS03620,pp1,0.9772,high
GCF_000023085.1__pp3__1024428-1064020__JDM1_RS04865,GCF_000023085.1,pp3,hypothetical protein,66,YopX family protein,GCF_001704335.1__pp1__2461-18355__AVR83_RS00125,pp1,0.9778,high
GCF_000023085.1__pp3__1024428-1064020__JDM1_RS15640,GCF_000023085.1,pp3,hypothetical protein,54,phage head-tail connector protein,GCF_000148815.2__pp4__2142373-2187941__LPST_RS10125,pp4,0.9591,high
GCF_000023085.1__pp3__1024428-1064020__JDM1_RS15645,GCF_000023085.1,pp3,hypothetical protein,48,crAss001_48 related protein,GCF_000016825.1__pp2__869104-911067__LREU_RS04365,pp2,0.9807,high
GCF_000023085.1__pp3__1024428-1064020__JDM1_RS04890,GCF_000023085.1,pp3,putative HNHc nuclease,214,Prophage Lp2 protein 41,GCA_000392485.2__pp2__2026993-2083990__LBP_cg1989,pp2,0.9822,high
GCF_000023085.1__pp3__1024428-1064020__JDM1_RS04895,GCF_000023085.1,pp3,hypothetical protein,268,Phage replication initiation protein,GCA_000392485.2__pp1__1695128-1736475__LBP_cg1671,pp1,0.9999,high
GCF_000023085.1__pp3__1024428-1064020__JDM1_RS04905,GCF_000023085.1,pp3,hypothetical protein,77,Prophage Lp2 protein 23,GCA_000392485.2__pp1__1695128-1736475__LBP_cg1669,pp1,0.9746,high
GCF_000023085.1__pp3__1024428-1064020__JDM1_RS04915,GCF_000023085.1,pp3,hypothetical protein,88,XkdX family protein,GCF_001704335.1__pp2__462968-500215__AVR83_RS18545,pp2,0.9807,high
GCF_000023085.1__pp3__1024428-1064020__JDM1_RS15650,GCF_000023085.1,pp3,hypothetical protein,54,DUF2273 domain-containing protein,GCF_001704335.1__pp8__24101-56829__AVR83_RS17455,pp8,0.9775,high
GCF_000023085.1__pp3__1024428-1064020__JDM1_RS04960,GCF_000023085.1,pp3,HK97-gp10 family putative phage morphogenesis protein,135,HK97 gp10 family phage protein,GCF_014131735.1__pp1__1061088-1107946__E5260_RS05005,pp1,0.9799,high
GCF_000023085.1__pp3__1024428-1064020__JDM1_RS04980,GCF_000023085.1,pp3,hypothetical protein,61,SHOCT domain-containing protein,GCF_041888805.1__pp5__1559525-1628400__ACEPPB_RS08050,pp5,0.9857,high
GCF_000023085.1__pp3__1024428-1064020__JDM1_RS05005,GCF_000023085.1,pp3,hypothetical protein,79,ribosomal-processing cysteine protease Prp,GCF_000008065.1__pp1__327894-370611__LJ_RS09590,pp1,0.9785,high
GCF_000023085.1__pp3__1024428-1064020__JDM1_RS15655,GCF_000023085.1,pp3,hypothetical protein,53,DUF4355 domain-containing protein,GCF_000248095.2__pp2__574154-622103__LBLM1_RS11455,pp2,0.9523,high
GCF_000023085.1__pp3__1024428-1064020__JDM1_RS05015,GCF_000023085.1,pp3,hypothetical protein,85,Prophage Lp2 protein 54,GCA_000392485.2__pp1__1695128-1736475__LBP_cg1637,pp1,0.9795,high
GCF_000026505.1__pp1__1102527-1140943__LGG_RS05200,GCF_000026505.1,pp1,hypothetical protein,76,protein-tyrosine phosphatase family protein,GCF_000014525.1__pp2__1905582-1950646__LSEI_RS09445,pp2,0.9773,high
GCF_000026505.1__pp1__1102527-1140943__LGG_RS05210,GCF_000026505.1,pp1,hypothetical protein,67,DUF1056 family protein,GCF_000148815.2__pp3__1793105-1845954__LPST_RS08405,pp3,0.9722,high
GCF_000026505.1__pp1__1102527-1140943__LGG_RS05220,GCF_000026505.1,pp1,hypothetical protein,72,KTSC domain-containing protein,GCF_000148815.2__pp4__2142373-2187941__LPST_RS10195,pp4,0.9824,high
GCF_000026505.1__pp1__1102527-1140943__LGG_RS05225,GCF_000026505.1,pp1,hypothetical protein,251,abortive infection family protein,GCF_014131735.1__pp1__1061088-1107946__E5260_RS04930,pp1,0.9898,high
GCF_000026505.1__pp1__1102527-1140943__LGG_RS05250,GCF_000026505.1,pp1,hypothetical protein,82,tail assembly chaperone,GCF_000203855.3__pp3__2163938-2219895__LP_RS10300,pp3,0.9674,high
GCF_000026505.1__pp1__1102527-1140943__LGG_RS05255,GCF_000026505.1,pp1,hypothetical protein,75,phage head-tail connector protein,GCF_000203855.3__pp3__2163938-2219895__LP_RS10325,pp3,0.987,high
GCF_000026505.1__pp1__1102527-1140943__LGG_RS16075,GCF_000026505.1,pp1,hypothetical protein,52,phage head-tail connector protein,GCF_000203855.3__pp1__590128-628381__LP_RS02880,pp1,0.9853,high
GCF_000026505.1__pp1__1102527-1140943__LGG_RS05260,GCF_000026505.1,pp1,hypothetical protein,182,helix-turn-helix domain-containing protein,GCF_014131735.1__pp1__1061088-1107946__E5260_RS04870,pp1,0.988,high
GCF_000026505.1__pp1__1102527-1140943__LGG_RS16270,GCF_000026505.1,pp1,hypothetical protein,42,DUF1056 family protein,GCF_000148815.2__pp3__1793105-1845954__LPST_RS08405,pp3,0.983,high
GCF_000026505.1__pp1__1102527-1140943__LGG_RS05270,GCF_000026505.1,pp1,hypothetical protein,75,phage head-tail connector protein,GCF_000148815.2__pp4__2142373-2187941__LPST_RS10125,pp4,0.9721,high
GCF_000026505.1__pp1__1102527-1140943__LGG_RS05275,GCF_000026505.1,pp1,hypothetical protein,56,Prophage Lp2 protein 47,GCA_000392485.2__pp2__2026993-2083990__LBP_cg1983,pp2,0.9562,high
GCF_000026505.1__pp1__1102527-1140943__LGG_RS05310,GCF_000026505.1,pp1,hypothetical protein,149,Prophage Lp2 protein 24,GCA_000392485.2__pp2__2026993-2083990__LBP_cg2005,pp2,0.9816,high
GCF_000026505.1__pp1__1102527-1140943__LGG_RS05315,GCF_000026505.1,pp1,hypothetical protein,84,YopX family protein,GCF_001704335.1__pp1__2461-18355__AVR83_RS00125,pp1,0.9755,high
GCF_000026505.1__pp1__1102527-1140943__LGG_RS05325,GCF_000026505.1,pp1,hypothetical protein,154,CAP domain-containing protein,GCF_000148815.2__pp1__784086-803154__LPST_RS03655,pp1,0.9498,high
GCF_000026505.1__pp1__1102527-1140943__LGG_RS05330,GCF_000026505.1,pp1,hypothetical protein,61,phage head closure protein,GCF_041888805.1__pp4__1529913-1535609__ACEPPB_RS07540,pp4,0.9868,high
GCF_000026505.1__pp1__1102527-1140943__LGG_RS05340,GCF_000026505.1,pp1,hypothetical protein,59,DUF6877 family protein,GCF_000203855.3__pp3__2163938-2219895__LP_RS10380,pp3,0.975,high
GCF_000026505.1__pp1__1102527-1140943__LGG_RS05345,GCF_000026505.1,pp1,hypothetical protein,67,DUF771 domain-containing protein,GCF_001704335.1__pp5__2192291-2268807__AVR83_RS10310,pp5,0.9837,high
GCF_000026505.1__pp1__1102527-1140943__LGG_RS05350,GCF_000026505.1,pp1,hypothetical protein,143,DUF771 domain-containing protein,GCF_000148815.2__pp4__2142373-2187941__LPST_RS10260,pp4,0.9875,high
GCF_000026505.1__pp1__1102527-1140943__LGG_RS05355,GCF_000026505.1,pp1,hypothetical protein,120,DUF1642 domain-containing protein,GCF_000338115.2__pp3__2072879-2122999__ZJ316_RS09860,pp3,0.9893,high
GCF_000026505.1__pp1__1102527-1140943__LGG_RS05360,GCF_000026505.1,pp1,hypothetical protein,79,RusA family crossover junction endodeoxyribonuclease,GCF_000248095.2__pp2__574154-622103__LBLM1_RS02915,pp2,0.9763,high
GCF_000026505.1__pp1__1102527-1140943__LGG_RS05365,GCF_000026505.1,pp1,hypothetical protein,60,DUF1056 family protein,GCF_000016825.1__pp3__1162622-1201468__LREU_RS10250,pp3,0.9815,high
GCF_000026505.1__pp1__1102527-1140943__LGG_RS05370,GCF_000026505.1,pp1,hypothetical protein,142,ArpU family phage packaging/lysis transcriptional regulator,GCF_000014525.1__pp2__1905582-1950646__LSEI_RS09345,pp2,0.9832,high
GCF_000026505.1__pp1__1102527-1140943__LGG_RS05415,GCF_000026505.1,pp1,hypothetical protein,337,major capsid protein,GCF_000014525.1__pp2__1905582-1950646__LSEI_RS09270,pp2,0.992,high
GCF_000026505.1__pp1__1102527-1140943__LGG_RS05425,GCF_000026505.1,pp1,hypothetical protein,100,DUF6711 family protein,GCF_000008065.1__pp1__327894-370611__LJ_RS01710,pp1,0.9829,high
GCF_000026505.1__pp1__1102527-1140943__LGG_RS05430,GCF_000026505.1,pp1,HK97-gp10 family putative phage morphogenesis protein,121,Prophage Lp2 protein 43,GCA_000392485.2__pp2__2026993-2083990__LBP_cg1987,pp2,0.9864,high
GCF_000026505.1__pp1__1102527-1140943__LGG_RS05450,GCF_000026505.1,pp1,hypothetical protein,117,DUF1351 domain-containing protein,GCF_000023085.1__pp3__1024428-1064020__JDM1_RS04870,pp3,0.9729,high
GCF_000026505.1__pp1__1102527-1140943__LGG_RS05470,GCF_000026505.1,pp1,hypothetical protein,107,siphovirus Gp157 family protein,GCF_000248095.2__pp2__574154-622103__LBLM1_RS11445,pp2,0.9759,high
GCF_000026505.1__pp1__1102527-1140943__LGG_RS05475,GCF_000026505.1,pp1,hypothetical protein,97,hemolysin XhlA family protein,GCF_000023085.1__pp3__1024428-1064020__JDM1_RS05025,pp3,0.9742,high
GCF_000026505.1__pp2__1528627-1569239__LGG_RS07255,GCF_000026505.1,pp2,hypothetical protein,128,DUF6275 family protein,GCF_001704335.1__pp5__2192291-2268807__AVR83_RS10510,pp5,0.9885,high
GCF_000026505.1__pp2__1528627-1569239__LGG_RS07270,GCF_000026505.1,pp2,hypothetical protein,77,hemolysin XhlA family protein,GCF_000148815.2__pp3__1793105-1845954__LPST_RS08315,pp3,0.9894,high
GCF_000026505.1__pp2__1528627-1569239__LGG_RS07275,GCF_000026505.1,pp2,hypothetical protein,107,phage major capsid protein,GCF_000026505.1__pp2__1528627-1569239__LGG_RS07330,pp2,0.9744,high
GCF_000026505.1__pp2__1528627-1569239__LGG_RS07295,GCF_000026505.1,pp2,hypothetical protein,76,DUF771 domain-containing protein,GCF_000148815.2__pp4__2142373-2187941__LPST_RS10260,pp4,0.9843,high
GCF_000026505.1__pp2__1528627-1569239__LGG_RS07315,GCF_000026505.1,pp2,HK97-gp10 family putative phage morphogenesis protein,139,siphovirus Gp157 family protein,GCF_000010145.1__pp2__531913-574579__LAF_RS02665,pp2,0.9803,high
GCF_000026505.1__pp2__1528627-1569239__LGG_RS07325,GCF_000026505.1,pp2,hypothetical protein,96,phage head-tail connector protein,GCF_001704335.1__pp5__2192291-2268807__AVR83_RS10550,pp5,0.979,high
GCF_000026505.1__pp2__1528627-1569239__LGG_RS07375,GCF_000026505.1,pp2,hypothetical protein,92,Gp15 family bacteriophage protein,GCF_001704335.1__pp2__462968-500215__AVR83_RS02295,pp2,0.9845,high
GCF_000026505.1__pp2__1528627-1569239__LGG_RS07390,GCF_000026505.1,pp2,hypothetical protein,255,phage terminase small subunit P27 family,GCF_000016825.1__pp1__733651-741034__LREU_RS03595,pp1,0.9841,high
GCF_000026505.1__pp2__1528627-1569239__LGG_RS07395,GCF_000026505.1,pp2,hypothetical protein,68,energy-coupling factor ABC transporter substrate-binding protein,GCF_041888805.1__pp7__1962103-2002786__ACEPPB_RS09780,pp7,0.9826,high
GCF_000026505.1__pp2__1528627-1569239__LGG_RS07405,GCF_000026505.1,pp2,hypothetical protein,412,phage terminase small subunit P27 family,GCF_014131735.1__pp2__2214048-2255622__E5260_RS10495,pp2,0.9824,high
GCF_000026505.1__pp2__1528627-1569239__LGG_RS07410,GCF_000026505.1,pp2,hypothetical protein,75,helix-turn-helix domain-containing protein,GCF_001704335.1__pp6__3166433-3209564__AVR83_RS15285,pp6,0.9687,high
GCF_000026505.1__pp2__1528627-1569239__LGG_RS07430,GCF_000026505.1,pp2,hypothetical protein,103,IS66 family insertion sequence element accessory protein TnpB,GCF_041888805.1__pp2__343838-371175__ACEPPB_RS01670,pp2,0.9901,high
GCF_000026505.1__pp3__2947765-2961885__LGG_RS13825,GCF_000026505.1,pp3,hypothetical protein,73,phage head-tail connector protein,GCF_001704335.1__pp5__2192291-2268807__AVR83_RS10550,pp5,0.9873,high
GCF_000026505.1__pp3__2947765-2961885__LGG_RS13830,GCF_000026505.1,pp3,hypothetical protein,63,phage head-tail connector protein,GCF_014131735.1__pp1__1061088-1107946__E5260_RS04995,pp1,0.9702,high
GCF_000026505.1__pp3__2947765-2961885__LGG_RS13835,GCF_000026505.1,pp3,hypothetical protein,90,phage head-tail connector protein,GCF_001704335.1__pp5__2192291-2268807__AVR83_RS10550,pp5,0.9862,high
GCF_000026505.1__pp3__2947765-2961885__LGG_RS13840,GCF_000026505.1,pp3,hypothetical protein,62,head-tail connector protein,GCF_000023085.1__pp3__1024428-1064020__JDM1_RS04950,pp3,0.9801,high
GCF_000026505.1__pp3__2947765-2961885__LGG_RS13855,GCF_000026505.1,pp3,hypothetical protein,140,IS66 family insertion sequence element accessory protein TnpB,GCF_041888805.1__pp2__343838-371175__ACEPPB_RS01670,pp2,0.9889,high
GCF_000026505.1__pp3__2947765-2961885__LGG_RS13875,GCF_000026505.1,pp3,hypothetical protein,59,DUF1056 family protein,GCF_000026505.1__pp2__1528627-1569239__LGG_RS16420,pp2,0.9861,high
GCF_000148815.2__pp1__784086-803154__LPST_RS03585,GCF_000148815.2,pp1,hypothetical protein,61,crAss001_48 related protein,GCF_000016825.1__pp2__869104-911067__LREU_RS04365,pp2,0.9801,high
GCF_000148815.2__pp1__784086-803154__LPST_RS16245,GCF_000148815.2,pp1,hypothetical protein,46,Prophage Lp2 protein 23,GCA_000392485.2__pp1__1695128-1736475__LBP_cg1669,pp1,0.9797,high
GCF_000148815.2__pp2__828246-848324__LPST_RS15540,GCF_000148815.2,pp2,putative metal homeostasis protein,39,phage terminase small subunit P27 family,GCF_000026505.1__pp2__1528627-1569239__LGG_RS07350,pp2,0.955,high
GCF_000148815.2__pp2__828246-848324__LPST_RS03850,GCF_000148815.2,pp2,hypothetical protein,410,RNA polymerase sigma factor sigma-70 region 4 domain-containing protein,GCF_000412205.1__pp1__825512-847042__LP16_RS03855,pp1,1.0,high
GCF_000148815.2__pp2__828246-848324__LPST_RS03855,GCF_000148815.2,pp2,hypothetical protein,88,XkdX family protein,GCF_000026505.1__pp1__1102527-1140943__LGG_RS14710,pp1,0.9539,high
GCF_000148815.2__pp3__1793105-1845954__LPST_RS16585,GCF_000148815.2,pp3,hypothetical protein,105,ABC transporter permease subunit,GCF_000338115.2__pp3__2072879-2122999__ZJ316_RS09705,pp3,0.9704,high
GCF_000148815.2__pp3__1793105-1845954__LPST_RS08325,GCF_000148815.2,pp3,hypothetical protein,119,phage head spike fiber domain-containing protein,GCF_014131735.1__pp2__2214048-2255622__E5260_RS10400,pp2,0.9792,high
GCF_000148815.2__pp3__1793105-1845954__LPST_RS16350,GCF_000148815.2,pp3,hypothetical protein,53,DUF4355 domain-containing protein,GCF_000248095.2__pp2__574154-622103__LBLM1_RS11455,pp2,0.9518,high
GCF_000148815.2__pp3__1793105-1845954__LPST_RS08330,GCF_000148815.2,pp3,hypothetical protein,83,ribosomal-processing cysteine protease Prp,GCF_000008065.1__pp1__327894-370611__LJ_RS09590,pp1,0.9723,high
GCF_000148815.2__pp3__1793105-1845954__LPST_RS08355,GCF_000148815.2,pp3,hypothetical protein,63,protein-tyrosine phosphatase family protein,GCF_000014525.1__pp2__1905582-1950646__LSEI_RS09445,pp2,0.984,high
GCF_000148815.2__pp3__1793105-1845954__LPST_RS08375,GCF_000148815.2,pp3,HK97-gp10 family putative phage morphogenesis protein,135,phage terminase small subunit P27 family,GCF_000023085.1__pp3__1024428-1064020__JDM1_RS04925,pp3,0.9796,high
GCF_000148815.2__pp3__1793105-1845954__LPST_RS08420,GCF_000148815.2,pp3,hypothetical protein,83,P27 family phage terminase small subunit,GCF_000023085.1__pp2__513673-552269__JDM1_RS02520,pp2,0.9859,high
GCF_000148815.2__pp3__1793105-1845954__LPST_RS08425,GCF_000148815.2,pp3,hypothetical protein,92,Prophage Lp2 protein 41,GCA_000392485.2__pp2__2026993-2083990__LBP_cg1989,pp2,0.9842,high
GCF_000148815.2__pp3__1793105-1845954__LPST_RS16355,GCF_000148815.2,pp3,hypothetical protein,56,phage terminase small subunit P27 family,GCF_000016825.1__pp1__733651-741034__LREU_RS03595,pp1,0.9697,high
GCF_000148815.2__pp3__1793105-1845954__LPST_RS08440,GCF_000148815.2,pp3,hypothetical protein,270,DUF4393 domain-containing protein,GCF_000165775.1__pp3__1750321-1777635__R0052_RS10925,pp3,0.9879,high
GCF_000148815.2__pp3__1793105-1845954__LPST_RS08450,GCF_000148815.2,pp3,hypothetical protein,80,Prophage Lp2 protein 23,GCA_000392485.2__pp1__1695128-1736475__LBP_cg1669,pp1,0.9769,high
GCF_000148815.2__pp3__1793105-1845954__LPST_RS08460,GCF_000148815.2,pp3,hypothetical protein,265,Phage replication initiation protein,GCA_000392485.2__pp1__1695128-1736475__LBP_cg1671,pp1,0.993,high
GCF_000148815.2__pp3__1793105-1845954__LPST_RS08465,GCF_000148815.2,pp3,hypothetical protein,85,YjcQ family protein,GCF_000248095.2__pp2__574154-622103__LBLM1_RS02985,pp2,0.9773,high
GCF_000148815.2__pp3__1793105-1845954__LPST_RS16260,GCF_000148815.2,pp3,hypothetical protein,56,IS66 family insertion sequence element accessory protein TnpB,GCF_041888805.1__pp2__343838-371175__ACEPPB_RS01670,pp2,0.988,high
GCF_000148815.2__pp3__1793105-1845954__LPST_RS16360,GCF_000148815.2,pp3,hypothetical protein,50,XkdX family protein,GCF_000026505.1__pp1__1102527-1140943__LGG_RS14710,pp1,0.9071,high
GCF_000148815.2__pp3__1793105-1845954__LPST_RS08470,GCF_000148815.2,pp3,hypothetical protein,66,YopX family protein,GCF_001704335.1__pp1__2461-18355__AVR83_RS00125,pp1,0.9779,high
GCF_000148815.2__pp3__1793105-1845954__LPST_RS08475,GCF_000148815.2,pp3,hypothetical protein,82,AbrB family transcriptional regulator,GCF_041888805.1__pp5__1559525-1628400__ACEPPB_RS08015,pp5,0.9827,high
GCF_000148815.2__pp3__1793105-1845954__LPST_RS08485,GCF_000148815.2,pp3,hypothetical protein,96,DUF6275 family protein,GCF_001704335.1__pp5__2192291-2268807__AVR83_RS10510,pp5,0.9907,high
GCF_000148815.2__pp3__1793105-1845954__LPST_RS08490,GCF_000148815.2,pp3,hypothetical protein,86,helix-turn-helix domain-containing protein,GCF_001704335.1__pp5__2192291-2268807__AVR83_RS10425,pp5,0.9785,high
GCF_000148815.2__pp3__1793105-1845954__LPST_RS08495,GCF_000148815.2,pp3,hypothetical protein,118,DUF4393 domain-containing protein,GCF_000165775.1__pp3__1750321-1777635__R0052_RS10925,pp3,0.9894,high
GCF_000148815.2__pp3__1793105-1845954__LPST_RS08510,GCF_000148815.2,pp3,hypothetical protein,71,helix-turn-helix domain-containing protein,GCF_000248095.2__pp3__645322-648828__LBLM1_RS03260,pp3,0.9783,high
GCF_000148815.2__pp3__1793105-1845954__LPST_RS08530,GCF_000148815.2,pp3,hypothetical protein,66,DUF2273 domain-containing protein,GCF_001704335.1__pp8__24101-56829__AVR83_RS17455,pp8,0.9776,high
GCF_000148815.2__pp3__1793105-1845954__LPST_RS16815,GCF_000148815.2,pp3,hypothetical protein,76,XkdX family protein,GCF_000026505.1__pp1__1102527-1140943__LGG_RS14710,pp1,0.9432,high
GCF_000148815.2__pp3__1793105-1845954__LPST_RS16365,GCF_000148815.2,pp3,hypothetical protein,58,crAss001_48 related protein,GCF_000016825.1__pp2__869104-911067__LREU_RS04365,pp2,0.9859,high
GCF_000148815.2__pp3__1793105-1845954__LPST_RS08545,GCF_000148815.2,pp3,hypothetical protein,85,DUF6275 family protein,GCF_000016825.1__pp2__869104-911067__LREU_RS04435,pp2,0.9876,high
GCF_000148815.2__pp3__1793105-1845954__LPST_RS08550,GCF_000148815.2,pp3,hypothetical protein,111,RusA family crossover junction endodeoxyribonuclease,GCF_000014525.1__pp2__1905582-1950646__LSEI_RS09390,pp2,0.9853,high
GCF_000148815.2__pp3__1793105-1845954__LPST_RS08570,GCF_000148815.2,pp3,hypothetical protein,68,DUF1056 family protein,GCF_001704335.1__pp1__2461-18355__AVR83_RS00075,pp1,0.9737,high
GCF_000148815.2__pp4__2142373-2187941__LPST_RS10060,GCF_000148815.2,pp4,hypothetical protein,98,hemolysin XhlA family protein,GCF_000023085.1__pp3__1024428-1064020__JDM1_RS05025,pp3,0.9714,high
GCF_000148815.2__pp4__2142373-2187941__LPST_RS10070,GCF_000148815.2,pp4,hypothetical protein,144,DUF2634 domain-containing protein,GCF_000014425.1__pp1__600763-679301__LGAS_RS03075,pp1,0.9696,high
GCF_000148815.2__pp4__2142373-2187941__LPST_RS10095,GCF_000148815.2,pp4,hypothetical protein,67,phage terminase small subunit P27 family,GCF_000019245.4__pp1__971299-993782__LCAZH_RS05185,pp1,0.9836,high
GCF_000148815.2__pp4__2142373-2187941__LPST_RS10110,GCF_000148815.2,pp4,hypothetical protein,121,DUF3168 domain-containing protein,GCF_000014525.1__pp2__1905582-1950646__LSEI_RS09245,pp2,0.9919,high
GCF_000148815.2__pp4__2142373-2187941__LPST_RS10120,GCF_000148815.2,pp4,hypothetical protein,115,minor capsid protein,GCF_001704335.1__pp2__462968-500215__AVR83_RS02315,pp2,0.9784,high
GCF_000148815.2__pp4__2142373-2187941__LPST_RS10130,GCF_000148815.2,pp4,hypothetical protein,58,DUF1617 family protein,GCF_000338115.2__pp2__1430063-1473182__ZJ316_RS06845,pp2,0.9656,high
GCF_000148815.2__pp4__2142373-2187941__LPST_RS10140,GCF_000148815.2,pp4,hypothetical protein,115,tail protein,GCF_000203855.3__pp3__2163938-2219895__LP_RS10305,pp3,0.9878,high
GCF_000148815.2__pp4__2142373-2187941__LPST_RS10150,GCF_000148815.2,pp4,hypothetical protein,68,phage tail tube assembly chaperone,GCF_000026505.1__pp2__1528627-1569239__LGG_RS07300,pp2,0.9815,high
GCF_000148815.2__pp4__2142373-2187941__LPST_RS10155,GCF_000148815.2,pp4,hypothetical protein,92,sporulation protein Cse60,GCF_000008065.1__pp2__1286306-1330377__LJ_RS06240,pp2,0.9871,high
GCF_000148815.2__pp4__2142373-2187941__LPST_RS16170,GCF_000148815.2,pp4,hypothetical protein,71,RusA family crossover junction endodeoxyribonuclease,GCF_000248095.2__pp2__574154-622103__LBLM1_RS02915,pp2,0.9802,high
GCF_000148815.2__pp4__2142373-2187941__LPST_RS10190,GCF_000148815.2,pp4,hypothetical protein,258,DUF4393 domain-containing protein,GCF_000165775.1__pp3__1750321-1777635__R0052_RS10925,pp3,0.9826,high
GCF_000148815.2__pp4__2142373-2187941__LPST_RS10215,GCF_000148815.2,pp4,hypothetical protein,172,Prophage Lp2 protein 23,GCA_000392485.2__pp2__2026993-2083990__LBP_cg2006,pp2,0.9934,high
GCF_000148815.2__pp4__2142373-2187941__LPST_RS10220,GCF_000148815.2,pp4,hypothetical protein,176,ASCH domain-containing protein,GCF_000008065.1__pp1__327894-370611__LJ_RS01620,pp1,0.9846,high
GCF_000148815.2__pp4__2142373-2187941__LPST_RS10225,GCF_000148815.2,pp4,hypothetical protein,95,Prophage Lp2 protein 21,GCA_000392485.2__pp2__2026993-2083990__LBP_cg2007,pp2,0.999,high
GCF_000148815.2__pp4__2142373-2187941__LPST_RS16705,GCF_000148815.2,pp4,hypothetical protein,42,ASCH domain-containing protein,GCF_000008065.1__pp1__327894-370611__LJ_RS01620,pp1,0.9842,high
GCF_000148815.2__pp4__2142373-2187941__LPST_RS16380,GCF_000148815.2,pp4,hypothetical protein,56,Prophage Lp2 protein 21,GCA_000392485.2__pp2__2026993-2083990__LBP_cg2007,pp2,0.9862,high
GCF_000148815.2__pp4__2142373-2187941__LPST_RS10280,GCF_000148815.2,pp4,hypothetical protein,104,DUF806 family protein,GCF_000016825.1__pp3__1162622-1201468__LREU_RS05825,pp3,0.9899,high
GCF_000148815.2__pp4__2142373-2187941__LPST_RS10300,GCF_000148815.2,pp4,hypothetical protein,239,Ltp family lipoprotein,GCF_000203855.3__pp1__590128-628381__LP_RS15865,pp1,0.9637,high
GCF_000148815.2__pp4__2142373-2187941__LPST_RS10305,GCF_000148815.2,pp4,hypothetical protein,294,LPXTG cell wall anchor domain-containing protein,GCF_000011985.1__pp1__1811745-1823767__LBA_RS08775,pp1,0.9623,high
GCF_000148815.2__pp4__2142373-2187941__LPST_RS16385,GCF_000148815.2,pp4,hypothetical protein,187,Ltp family lipoprotein,GCF_000203855.3__pp1__590128-628381__LP_RS15865,pp1,0.942,high
GCF_000148815.2__pp4__2142373-2187941__LPST_RS16390,GCF_000148815.2,pp4,hypothetical protein,58,crAss001_48 related protein,GCF_000016825.1__pp2__869104-911067__LREU_RS04365,pp2,0.9891,high
GCF_000148815.2__pp4__2142373-2187941__LPST_RS10345,GCF_000148815.2,pp4,hypothetical protein,68,Prophage Lp3 protein 24,GCA_000392485.2__pp2__2026993-2083990__LBP_cg2019,pp2,1.0,high
GCF_000148815.2__pp4__2142373-2187941__LPST_RS10355,GCF_000148815.2,pp4,hypothetical protein,77,head-tail connector protein,GCF_000338115.2__pp4__2405913-2448170__ZJ316_RS11500,pp4,0.9655,high
GCF_000148815.2__pp4__2142373-2187941__LPST_RS10360,GCF_000148815.2,pp4,hypothetical protein,90,phage head-tail connector protein,GCF_001704335.1__pp4__2129360-2166303__AVR83_RS10055,pp4,0.9644,high
GCF_000148815.2__pp5__12196-41603__LPST_RS16230,GCF_000148815.2,pp5,putative holin-like toxin,20,LPXTG cell wall anchor domain-containing protein,GCF_000026505.1__pp2__1528627-1569239__LGG_RS15705,pp2,0.9548,high
GCF_000148815.2__pp5__12196-41603__LPST_RS16840,GCF_000148815.2,pp5,putative holin-like toxin,38,DUF1056 family protein,GCF_000016825.1__pp3__1162622-1201468__LREU_RS10250,pp3,0.9706,high
GCF_000148815.2__pp5__12196-41603__LPST_RS15265,GCF_000148815.2,pp5,hypothetical protein,87,DUF1828 domain-containing protein,GCF_014131735.1__pp1__1061088-1107946__E5260_RS04750,pp1,0.9739,high
GCF_000148815.2__pp5__12196-41603__LPST_RS15280,GCF_000148815.2,pp5,putative holin-like toxin,25,type I toxin-antitoxin system Fst family toxin,GCF_000014425.1__pp1__600763-679301__LGAS_RS09750,pp1,0.9529,high
GCF_000165775.1__pp1__974932-1003815__R0052_RS12315,GCF_000165775.1,pp1,hypothetical protein,47,transcriptional regulator,GCF_000016825.1__pp1__733651-741034__LREU_RS03620,pp1,0.9636,high
GCF_000165775.1__pp1__974932-1003815__R0052_RS12320,GCF_000165775.1,pp1,hypothetical protein,66,phage head-tail connector protein,GCF_000148815.2__pp4__2142373-2187941__LPST_RS10125,pp4,0.975,high
GCF_000165775.1__pp1__974932-1003815__R0052_RS05020,GCF_000165775.1,pp1,hypothetical protein,92,DUF3021 domain-containing protein,GCF_000165775.1__pp1__974932-1003815__R0052_RS05170,pp1,0.9861,high
GCF_000165775.1__pp1__974932-1003815__R0052_RS05030,GCF_000165775.1,pp1,hypothetical protein,212,DUF1828 domain-containing protein,GCF_000148815.2__pp4__2142373-2187941__LPST_RS10330,pp4,0.9861,high
GCF_000165775.1__pp1__974932-1003815__R0052_RS12335,GCF_000165775.1,pp1,hypothetical protein,24,phage head-tail connector protein,GCF_014131735.1__pp1__1061088-1107946__E5260_RS04995,pp1,0.9325,high
GCF_000165775.1__pp1__974932-1003815__R0052_RS05095,GCF_000165775.1,pp1,putative quinol monooxygenase,202,phage tail assembly chaperone G,GCF_000023085.1__pp2__513673-552269__JDM1_RS02570,pp2,0.9644,high
GCF_000165775.1__pp1__974932-1003815__R0052_RS12090,GCF_000165775.1,pp1,hypothetical protein,48,AbrB family transcriptional regulator,GCF_041888805.1__pp5__1559525-1628400__ACEPPB_RS08015,pp5,0.9682,high
GCF_000165775.1__pp1__974932-1003815__R0052_RS05125,GCF_000165775.1,pp1,hypothetical protein,76,phage tail tube assembly chaperone,GCF_000010145.1__pp2__531913-574579__LAF_RS02765,pp2,0.9831,high
GCF_000165775.1__pp1__974932-1003815__R0052_RS05140,GCF_000165775.1,pp1,hypothetical protein,150,DUF3021 domain-containing protein,GCF_000165775.1__pp1__974932-1003815__R0052_RS05170,pp1,0.9759,high
GCF_000165775.1__pp1__974932-1003815__R0052_RS05160,GCF_000165775.1,pp1,hypothetical protein,91,phage holin,GCF_000008065.1__pp1__327894-370611__LJ_RS01735,pp1,0.9697,high
GCF_000165775.1__pp1__974932-1003815__R0052_RS12095,GCF_000165775.1,pp1,hypothetical protein,66,XkdX family protein,GCF_000026505.1__pp1__1102527-1140943__LGG_RS14710,pp1,0.9454,high
GCF_000165775.1__pp1__974932-1003815__R0052_RS05190,GCF_000165775.1,pp1,hypothetical protein,261,DUF1828 domain-containing protein,GCF_000148815.2__pp4__2142373-2187941__LPST_RS10330,pp4,0.982,high
GCF_000165775.1__pp2__1078648-1089876__R0052_RS05520,GCF_000165775.1,pp2,hypothetical protein,152,pyridoxamine 5'-phosphate oxidase family protein,GCF_000026505.1__pp1__1102527-1140943__LGG_RS05215,pp1,0.9842,high
GCF_000165775.1__pp2__1078648-1089876__R0052_RS05550,GCF_000165775.1,pp2,hypothetical protein,145,RusA family crossover junction endodeoxyribonuclease,GCF_000014525.1__pp2__1905582-1950646__LSEI_RS09390,pp2,0.9799,high
GCF_000165775.1__pp3__1750321-1777635__R0052_RS08870,GCF_000165775.1,pp3,hypothetical protein,79,DUF5049 domain-containing protein,GCF_000014425.1__pp2__1464980-1483558__LGAS_RS07280,pp2,0.9838,high
GCF_000165775.1__pp3__1750321-1777635__R0052_RS08880,GCF_000165775.1,pp3,hypothetical protein,71,DUF6275 family protein,GCF_000016825.1__pp2__869104-911067__LREU_RS04435,pp2,0.9863,high
GCF_000165775.1__pp3__1750321-1777635__R0052_RS08915,GCF_000165775.1,pp3,hypothetical protein,76,Prophage Lp2 protein 41,GCA_000392485.2__pp2__2026993-2083990__LBP_cg1989,pp2,0.9807,high
GCF_000165775.1__pp3__1750321-1777635__R0052_RS08920,GCF_000165775.1,pp3,hypothetical protein,227,DUF1828 domain-containing protein,GCF_014131735.1__pp1__1061088-1107946__E5260_RS04750,pp1,0.9883,high
GCF_000165775.1__pp3__1750321-1777635__R0052_RS12645,GCF_000165775.1,pp3,hypothetical protein,42,IS66 family insertion sequence element accessory protein TnpB,GCF_041888805.1__pp2__343838-371175__ACEPPB_RS01670,pp2,0.9526,high
GCF_000165775.1__pp3__1750321-1777635__R0052_RS08940,GCF_000165775.1,pp3,hypothetical protein,464,DUF1828 domain-containing protein,GCF_000008065.1__pp1__327894-370611__LJ_RS01510,pp1,0.9772,high
GCF_000165775.1__pp3__1750321-1777635__R0052_RS08945,GCF_000165775.1,pp3,hypothetical protein,69,head-tail connector protein,GCF_041888805.1__pp4__1529913-1535609__ACEPPB_RS07535,pp4,0.9847,high
GCF_000165775.1__pp3__1750321-1777635__R0052_RS08975,GCF_000165775.1,pp3,hypothetical protein,84,FRG domain-containing protein,GCF_000412205.1__pp3__656-20092__LP16_RS14855,pp3,0.9697,high
GCF_000165775.1__pp3__1750321-1777635__R0052_RS08980,GCF_000165775.1,pp3,hypothetical protein,60,phage head closure protein,GCF_041888805.1__pp4__1529913-1535609__ACEPPB_RS07540,pp4,0.9687,high
GCF_000165775.1__pp3__1750321-1777635__R0052_RS08985,GCF_000165775.1,pp3,hypothetical protein,109,DUF1828 domain-containing protein,GCF_000148815.2__pp4__2142373-2187941__LPST_RS10330,pp4,0.9825,high
GCF_000165775.1__pp3__1750321-1777635__R0052_RS08995,GCF_000165775.1,pp3,hypothetical protein,169,GH25 family lysozyme,GCF_000338115.2__pp3__2072879-2122999__ZJ316_RS09730,pp3,0.9522,high
GCF_000165775.1__pp3__1750321-1777635__R0052_RS09000,GCF_000165775.1,pp3,hypothetical protein,236,phage lysin,GCF_000023085.1__pp2__513673-552269__JDM1_RS15785,pp2,0.9595,high
GCF_000165775.1__pp3__1750321-1777635__R0052_RS12470,GCF_000165775.1,pp3,hypothetical protein,82,potassium-transporting ATPase subunit KdpC,GCF_000148815.2__pp5__12196-41603__LPST_RS15250,pp5,0.9718,high
GCF_000203855.3__pp1__590128-628381__LP_RS15700,GCF_000203855.3,pp1,hypothetical protein,58,crAss001_48 related protein,GCF_000016825.1__pp2__869104-911067__LREU_RS04365,pp2,0.9835,high
GCF_000203855.3__pp1__590128-628381__LP_RS02740,GCF_000203855.3,pp1,hypothetical protein,104,DUF806 family protein,GCF_000016825.1__pp3__1162622-1201468__LREU_RS05825,pp3,0.9889,high
GCF_000203855.3__pp1__590128-628381__LP_RS02755,GCF_000203855.3,pp1,hypothetical protein,60,phage head-tail connector protein,GCF_000203855.3__pp1__590128-628381__LP_RS02880,pp1,0.9865,high
GCF_000203855.3__pp1__590128-628381__LP_RS02760,GCF_000203855.3,pp1,hypothetical protein,171,head-tail connector protein,GCF_001704335.1__pp3__1024001-1037032__AVR83_RS04965,pp3,0.9733,high
GCF_000203855.3__pp1__590128-628381__LP_RS16025,GCF_000203855.3,pp1,hypothetical protein,42,ASCH domain-containing protein,GCF_000008065.1__pp1__327894-370611__LJ_RS01620,pp1,0.9838,high
GCF_000203855.3__pp1__590128-628381__LP_RS02790,GCF_000203855.3,pp1,hypothetical protein,95,Prophage Lp2 protein 21,GCA_000392485.2__pp2__2026993-2083990__LBP_cg2007,pp2,0.9988,high
GCF_000203855.3__pp1__590128-628381__LP_RS02795,GCF_000203855.3,pp1,hypothetical protein,176,ASCH domain-containing protein,GCF_000008065.1__pp1__327894-370611__LJ_RS01620,pp1,0.9846,high
GCF_000203855.3__pp1__590128-628381__LP_RS02800,GCF_000203855.3,pp1,hypothetical protein,177,Prophage Lp2 protein 23,GCA_000392485.2__pp2__2026993-2083990__LBP_cg2006,pp2,0.9967,high
GCF_000203855.3__pp1__590128-628381__LP_RS02810,GCF_000203855.3,pp1,hypothetical protein,76,ASCH domain-containing protein,GCF_000165775.1__pp2__1078648-1089876__R0052_RS05540,pp2,0.9869,high
GCF_000203855.3__pp1__590128-628381__LP_RS02815,GCF_000203855.3,pp1,hypothetical protein,123,phage head closure protein,GCF_041888805.1__pp4__1529913-1535609__ACEPPB_RS07540,pp4,0.9882,high
GCF_000203855.3__pp1__590128-628381__LP_RS02820,GCF_000203855.3,pp1,hypothetical protein,60,sporulation protein Cse60,GCF_000008065.1__pp2__1286306-1330377__LJ_RS06240,pp2,0.9832,high
GCF_000203855.3__pp1__590128-628381__LP_RS15705,GCF_000203855.3,pp1,hypothetical protein,55,Prophage Lp1 protein 32,GCA_000392485.2__pp1__1695128-1736475__LBP_cg1662,pp1,0.9913,high
GCF_000203855.3__pp1__590128-628381__LP_RS02845,GCF_000203855.3,pp1,hypothetical protein,260,DUF4393 domain-containing protein,GCF_000014525.1__pp2__1905582-1950646__LSEI_RS09470,pp2,0.9742,high
GCF_000203855.3__pp1__590128-628381__LP_RS15710,GCF_000203855.3,pp1,hypothetical protein,49,DUF6877 family protein,GCF_000203855.3__pp3__2163938-2219895__LP_RS10380,pp3,0.9848,high
GCF_000203855.3__pp1__590128-628381__LP_RS02885,GCF_000203855.3,pp1,hypothetical protein,124,head-tail connector protein,GCF_000014425.1__pp1__600763-679301__LGAS_RS03015,pp1,0.9708,high
GCF_000203855.3__pp1__590128-628381__LP_RS02890,GCF_000203855.3,pp1,HK97-gp10 family putative phage morphogenesis protein,184,Prophage Lp2 protein 43,GCA_000392485.2__pp2__2026993-2083990__LBP_cg1987,pp2,0.9988,high
GCF_000203855.3__pp1__590128-628381__LP_RS02895,GCF_000203855.3,pp1,hypothetical protein,128,DUF3168 domain-containing protein,GCF_001704335.1__pp4__2129360-2166303__AVR83_RS10070,pp4,0.997,high
GCF_000203855.3__pp1__590128-628381__LP_RS02910,GCF_000203855.3,pp1,hypothetical protein,78,Prophage Lp2 protein 47,GCA_000392485.2__pp2__2026993-2083990__LBP_cg1983,pp2,0.9983,high
GCF_000203855.3__pp1__590128-628381__LP_RS02940,GCF_000203855.3,pp1,hypothetical protein,246,Phage major tail protein,GCA_000392485.2__pp1__1695128-1736475__LBP_cg1647,pp1,0.9845,high
GCF_000203855.3__pp1__590128-628381__LP_RS02960,GCF_000203855.3,pp1,hypothetical protein,98,hemolysin XhlA family protein,GCF_000023085.1__pp3__1024428-1064020__JDM1_RS05025,pp3,0.9736,high
GCF_000203855.3__pp2__873764-893663__LP_RS04075,GCF_000203855.3,pp2,putative metal homeostasis protein,39,phage terminase small subunit P27 family,GCF_000026505.1__pp2__1528627-1569239__LGG_RS07350,pp2,0.955,high
GCF_000203855.3__pp3__2163938-2219895__LP_RS10250,GCF_000203855.3,pp3,hypothetical protein,98,hemolysin XhlA family protein,GCF_000023085.1__pp3__1024428-1064020__JDM1_RS05025,pp3,0.9749,high
GCF_000203855.3__pp3__2163938-2219895__LP_RS10260,GCF_000203855.3,pp3,hypothetical protein,79,Prophage Lp2 protein 54,GCA_000392485.2__pp1__1695128-1736475__LBP_cg1637,pp1,0.9933,high
GCF_000203855.3__pp3__2163938-2219895__LP_RS10275,GCF_000203855.3,pp3,hypothetical protein,85,Prophage Lp1 protein 55,GCA_000392485.2__pp2__2026993-2083990__LBP_cg1977,pp2,0.9735,high
GCF_000203855.3__pp3__2163938-2219895__LP_RS10295,GCF_000203855.3,pp3,hypothetical protein,94,Prophage Lp2 protein 47,GCA_000392485.2__pp2__2026993-2083990__LBP_cg1983,pp2,0.9875,high
GCF_000203855.3__pp3__2163938-2219895__LP_RS10315,GCF_000203855.3,pp3,HK97-gp10 family putative phage morphogenesis protein,184,Prophage Lp2 protein 43,GCA_000392485.2__pp2__2026993-2083990__LBP_cg1987,pp2,0.9993,high
GCF_000203855.3__pp3__2163938-2219895__LP_RS10320,GCF_000203855.3,pp3,hypothetical protein,107,Prophage Lp2 protein 42,GCA_000392485.2__pp2__2026993-2083990__LBP_cg1988,pp2,0.9967,high
GCF_000203855.3__pp3__2163938-2219895__LP_RS10360,GCF_000203855.3,pp3,hypothetical protein,87,RusA family crossover junction endodeoxyribonuclease,GCF_000014525.1__pp2__1905582-1950646__LSEI_RS09390,pp2,0.9876,high
GCF_000203855.3__pp3__2163938-2219895__LP_RS16135,GCF_000203855.3,pp3,hypothetical protein,59,RusA family crossover junction endodeoxyribonuclease,GCF_000248095.2__pp2__574154-622103__LBLM1_RS02915,pp2,0.9651,high
GCF_000203855.3__pp3__2163938-2219895__LP_RS10385,GCF_000203855.3,pp3,hypothetical protein,97,phage head-tail connector protein,GCF_000016825.1__pp2__869104-911067__LREU_RS04450,pp2,0.9811,high
GCF_000203855.3__pp3__2163938-2219895__LP_RS16050,GCF_000203855.3,pp3,hypothetical protein,43,DUF1056 family protein,GCF_000338115.2__pp3__2072879-2122999__ZJ316_RS09820,pp3,0.9825,high
GCF_000203855.3__pp3__2163938-2219895__LP_RS10390,GCF_000203855.3,pp3,hypothetical protein,103,sporulation protein Cse60,GCF_000008065.1__pp2__1286306-1330377__LJ_RS06240,pp2,0.9863,high
GCF_000203855.3__pp3__2163938-2219895__LP_RS15770,GCF_000203855.3,pp3,hypothetical protein,55,phage terminase small subunit P27 family,GCF_000016825.1__pp1__733651-741034__LREU_RS03595,pp1,0.9633,high
GCF_000203855.3__pp3__2163938-2219895__LP_RS10405,GCF_000203855.3,pp3,hypothetical protein,172,Prophage Lp2 protein 23,GCA_000392485.2__pp2__2026993-2083990__LBP_cg2006,pp2,0.9978,high
GCF_000203855.3__pp3__2163938-2219895__LP_RS10410,GCF_000203855.3,pp3,hypothetical protein,176,ASCH domain-containing protein,GCF_000008065.1__pp1__327894-370611__LJ_RS01620,pp1,0.9846,high
GCF_000203855.3__pp3__2163938-2219895__LP_RS10415,GCF_000203855.3,pp3,hypothetical protein,95,Prophage Lp2 protein 21,GCA_000392485.2__pp2__2026993-2083990__LBP_cg2007,pp2,0.9813,high
GCF_000203855.3__pp3__2163938-2219895__LP_RS10435,GCF_000203855.3,pp3,hypothetical protein,169,host-nuclease inhibitor Gam family protein,GCF_001704335.1__pp4__2129360-2166303__AVR83_RS09930,pp4,0.9907,high
GCF_000203855.3__pp3__2163938-2219895__LP_RS16055,GCF_000203855.3,pp3,hypothetical protein,43,AbrB family transcriptional regulator,GCF_041888805.1__pp5__1559525-1628400__ACEPPB_RS08015,pp5,0.949,high
GCF_000203855.3__pp3__2163938-2219895__LP_RS16060,GCF_000203855.3,pp3,hypothetical protein,42,ASCH domain-containing protein,GCF_000008065.1__pp1__327894-370611__LJ_RS01620,pp1,0.9818,high
GCF_000203855.3__pp3__2163938-2219895__LP_RS15775,GCF_000203855.3,pp3,hypothetical protein,46,CD1375 family protein,GCF_000014525.1__pp2__1905582-1950646__LSEI_RS14285,pp2,0.9901,high
GCF_000203855.3__pp3__2163938-2219895__LP_RS15780,GCF_000203855.3,pp3,hypothetical protein,58,crAss001_48 related protein,GCF_000016825.1__pp2__869104-911067__LREU_RS04365,pp2,0.9831,high
GCF_000203855.3__pp3__2163938-2219895__LP_RS10520,GCF_000203855.3,pp3,hypothetical protein,68,Prophage Lp3 protein 24,GCA_000392485.2__pp2__2026993-2083990__LBP_cg2019,pp2,1.0,high
GCF_000203855.3__pp3__2163938-2219895__LP_RS10530,GCF_000203855.3,pp3,hypothetical protein,101,DUF3278 domain-containing protein,GCF_041888805.1__pp8__2084984-2096462__ACEPPB_RS10390,pp8,0.9824,high
GCF_000203855.3__pp3__2163938-2219895__LP_RS10535,GCF_000203855.3,pp3,hypothetical protein,123,Prophage Lp3 protein 20,GCA_000392485.2__pp2__2026993-2083990__LBP_cg2021,pp2,0.9995,high
GCF_000203855.3__pp3__2163938-2219895__LP_RS10555,GCF_000203855.3,pp3,hypothetical protein,66,DUF1056 family protein,GCF_014131735.1__pp2__2214048-2255622__E5260_RS10485,pp2,0.9783,high
GCF_000203855.3__pp3__2163938-2219895__LP_RS10580,GCF_000203855.3,pp3,hypothetical protein,63,sporulation protein Cse60,GCF_000008065.1__pp2__1286306-1330377__LJ_RS06240,pp2,0.9925,high
GCF_000203855.3__pp3__2163938-2219895__LP_RS10585,GCF_000203855.3,pp3,hypothetical protein,157,prophage P3 protein 9,GCF_000203855.3__pp4__2999326-3007279__LP_RS14120,pp4,0.9878,high
GCF_000203855.3__pp3__2163938-2219895__LP_RS10600,GCF_000203855.3,pp3,hypothetical protein,84,crAss001_48 related protein,GCF_000016825.1__pp2__869104-911067__LREU_RS04365,pp2,0.9667,high
GCF_000203855.3__pp3__2163938-2219895__LP_RS10605,GCF_000203855.3,pp3,hypothetical protein,67,helix-turn-helix domain-containing protein,GCF_000008065.1__pp1__327894-370611__LJ_RS01540,pp1,0.9775,high
GCF_000203855.3__pp3__2163938-2219895__LP_RS10620,GCF_000203855.3,pp3,hypothetical protein,77,head-tail connector protein,GCF_000338115.2__pp4__2405913-2448170__ZJ316_RS11500,pp4,0.9655,high
GCF_000203855.3__pp3__2163938-2219895__LP_RS10625,GCF_000203855.3,pp3,hypothetical protein,90,phage head-tail connector protein,GCF_001704335.1__pp4__2129360-2166303__AVR83_RS10055,pp4,0.9644,high
GCF_000203855.3__pp4__2999326-3007279__LP_RS14115,GCF_000203855.3,pp4,hypothetical protein,58,sporulation protein Cse60,GCF_000008065.1__pp2__1286306-1330377__LJ_RS06240,pp2,0.9811,high
GCF_000203855.3__pp4__2999326-3007279__LP_RS14135,GCF_000203855.3,pp4,hypothetical protein,73,preprotein translocase subunit TatB,GCF_041888805.1__pp4__1529913-1535609__ACEPPB_RS07570,pp4,0.9724,high
GCF_000203855.3__pp4__2999326-3007279__LP_RS14140,GCF_000203855.3,pp4,hypothetical protein,142,head-tail connector protein,GCF_001704335.1__pp6__3166433-3209564__AVR83_RS15155,pp6,0.9615,high
GCF_000203855.3__pp4__2999326-3007279__LP_RS14145,GCF_000203855.3,pp4,hypothetical protein,98,helix-turn-helix domain-containing protein,GCF_001704335.1__pp5__2192291-2268807__AVR83_RS10425,pp5,0.9805,high
GCF_000248095.2__pp1__180654-189521__LBLM1_RS11400,GCF_000248095.2,pp1,hypothetical protein,156,Prophage Lp4 protein 12,GCA_000392485.2__pp2__2026993-2083990__LBP_cg2032,pp2,0.9875,high
GCF_000248095.2__pp1__180654-189521__LBLM1_RS00865,GCF_000248095.2,pp1,hypothetical protein,111,"prophage P3 protein 11, DNA replication",GCF_000203855.3__pp4__2999326-3007279__LP_RS14110,pp4,0.9854,high
GCF_000248095.2__pp1__180654-189521__LBLM1_RS00870,GCF_000248095.2,pp1,hypothetical protein,107,phage tail assembly chaperone G,GCF_000023085.1__pp2__513673-552269__JDM1_RS02570,pp2,0.9837,high
GCF_000248095.2__pp1__180654-189521__LBLM1_RS00875,GCF_000248095.2,pp1,hypothetical protein,72,SHOCT domain-containing protein,GCF_041888805.1__pp5__1559525-1628400__ACEPPB_RS08050,pp5,0.9327,high
GCF_000248095.2__pp1__180654-189521__LBLM1_RS00880,GCF_000248095.2,pp1,hypothetical protein,81,crAss001_48 related protein,GCF_000016825.1__pp2__869104-911067__LREU_RS04365,pp2,0.9805,high
GCF_000248095.2__pp2__574154-622103__LBLM1_RS02850,GCF_000248095.2,pp2,hypothetical protein,62,phage head-tail connector protein,GCF_001704335.1__pp5__2192291-2268807__AVR83_RS10550,pp5,0.9808,high
GCF_000248095.2__pp2__574154-622103__LBLM1_RS11940,GCF_000248095.2,pp2,hypothetical protein,55,energy-coupling factor ABC transporter substrate-binding protein,GCF_041888805.1__pp7__1962103-2002786__ACEPPB_RS09780,pp7,0.974,high
GCF_000248095.2__pp2__574154-622103__LBLM1_RS12190,GCF_000248095.2,pp2,hypothetical protein,43,protein-tyrosine phosphatase family protein,GCF_000014525.1__pp2__1905582-1950646__LSEI_RS09445,pp2,0.9607,high
GCF_000248095.2__pp2__574154-622103__LBLM1_RS02880,GCF_000248095.2,pp2,putative HNHc nuclease,227,DUF771 domain-containing protein,GCF_000148815.2__pp4__2142373-2187941__LPST_RS10260,pp4,0.9849,high
GCF_000248095.2__pp2__574154-622103__LBLM1_RS02885,GCF_000248095.2,pp2,hypothetical protein,69,DUF6877 family protein,GCF_000203855.3__pp3__2163938-2219895__LP_RS10380,pp3,0.9904,high
GCF_000248095.2__pp2__574154-622103__LBLM1_RS02890,GCF_000248095.2,pp2,hypothetical protein,82,DUF6978 family protein,GCF_000008065.1__pp1__327894-370611__LJ_RS01515,pp1,0.9723,high
GCF_000248095.2__pp2__574154-622103__LBLM1_RS02905,GCF_000248095.2,pp2,hypothetical protein,74,eL43 family ribosomal protein,GCF_001704335.1__pp4__2129360-2166303__AVR83_RS09965,pp4,0.9661,high
GCF_000248095.2__pp2__574154-622103__LBLM1_RS11945,GCF_000248095.2,pp2,hypothetical protein,57,DUF1056 family protein,GCF_001704335.1__pp6__3166433-3209564__AVR83_RS15175,pp6,0.9882,high
GCF_000248095.2__pp2__574154-622103__LBLM1_RS02910,GCF_000248095.2,pp2,hypothetical protein,60,DUF1056 family protein,GCF_000016825.1__pp3__1162622-1201468__LREU_RS10250,pp3,0.9823,high
GCF_000248095.2__pp2__574154-622103__LBLM1_RS02920,GCF_000248095.2,pp2,hypothetical protein,166,DUF6275 family protein,GCF_001704335.1__pp5__2192291-2268807__AVR83_RS10510,pp5,0.9908,high
GCF_000248095.2__pp2__574154-622103__LBLM1_RS02925,GCF_000248095.2,pp2,hypothetical protein,84,phage head closure protein,GCF_041888805.1__pp4__1529913-1535609__ACEPPB_RS07540,pp4,0.9833,high
GCF_000248095.2__pp2__574154-622103__LBLM1_RS02930,GCF_000248095.2,pp2,hypothetical protein,89,DUF6275 family protein,GCF_001704335.1__pp5__2192291-2268807__AVR83_RS10510,pp5,0.9896,high
GCF_000248095.2__pp2__574154-622103__LBLM1_RS02935,GCF_000248095.2,pp2,hypothetical protein,59,DUF1056 family protein,GCF_001704335.1__pp1__2461-18355__AVR83_RS00075,pp1,0.9909,high
GCF_000248095.2__pp2__574154-622103__LBLM1_RS02980,GCF_000248095.2,pp2,hypothetical protein,75,head protein,GCF_000008065.1__pp2__1286306-1330377__LJ_RS06195,pp2,0.9894,high
GCF_000248095.2__pp2__574154-622103__LBLM1_RS03005,GCF_000248095.2,pp2,hypothetical protein,102,ASCH domain-containing protein,GCF_000008065.1__pp1__327894-370611__LJ_RS01620,pp1,0.9869,high
GCF_000248095.2__pp2__574154-622103__LBLM1_RS03010,GCF_000248095.2,pp2,HK97-gp10 family putative phage morphogenesis protein,128,Prophage Lp2 protein 43,GCA_000392485.2__pp2__2026993-2083990__LBP_cg1987,pp2,0.9677,high
GCF_000248095.2__pp2__574154-622103__LBLM1_RS03030,GCF_000248095.2,pp2,hypothetical protein,130,phage terminase small subunit P27 family,GCF_000016825.1__pp3__1162622-1201468__LREU_RS05875,pp3,0.9881,high
GCF_000248095.2__pp2__574154-622103__LBLM1_RS11950,GCF_000248095.2,pp2,hypothetical protein,58,CD1375 family protein,GCF_000014525.1__pp2__1905582-1950646__LSEI_RS14285,pp2,0.9875,high
GCF_000248095.2__pp2__574154-622103__LBLM1_RS03065,GCF_000248095.2,pp2,hypothetical protein,147,phage tail protein,GCF_000016825.1__pp3__1162622-1201468__LREU_RS05820,pp3,0.9855,high
GCF_000248095.2__pp2__574154-622103__LBLM1_RS03070,GCF_000248095.2,pp2,hypothetical protein,122,DUF2977 domain-containing protein,GCF_000203855.3__pp1__590128-628381__LP_RS02945,pp1,0.9786,high
GCF_000248095.2__pp2__574154-622103__LBLM1_RS03085,GCF_000248095.2,pp2,hypothetical protein,353,BppU family phage baseplate upper protein,GCF_000412205.1__pp2__2033545-2090819__LP16_RS09585,pp2,0.9838,high
GCF_000248095.2__pp2__574154-622103__LBLM1_RS03090,GCF_000248095.2,pp2,hypothetical protein,114,RusA family crossover junction endodeoxyribonuclease,GCF_000014525.1__pp2__1905582-1950646__LSEI_RS09390,pp2,0.9864,high
GCF_000338115.2__pp1__1043085-1062922__ZJ316_RS15810,GCF_000338115.2,pp1,putative metal homeostasis protein,39,phage terminase small subunit P27 family,GCF_000026505.1__pp2__1528627-1569239__LGG_RS07350,pp2,0.955,high
GCF_000338115.2__pp1__1043085-1062922__ZJ316_RS04815,GCF_000338115.2,pp1,hypothetical protein,410,helix-turn-helix domain-containing protein,GCF_000203855.3__pp2__873764-893663__LP_RS04130,pp2,0.9997,high
GCF_000338115.2__pp1__1043085-1062922__ZJ316_RS04820,GCF_000338115.2,pp1,hypothetical protein,88,XkdX family protein,GCF_000026505.1__pp1__1102527-1140943__LGG_RS14710,pp1,0.9539,high
GCF_000338115.2__pp2__1430063-1473182__ZJ316_RS06610,GCF_000338115.2,pp2,hypothetical protein,170,RusA family crossover junction endodeoxyribonuclease,GCF_000203855.3__pp1__590128-628381__LP_RS02805,pp1,0.9631,high
GCF_000338115.2__pp2__1430063-1473182__ZJ316_RS06615,GCF_000338115.2,pp2,hypothetical protein,95,heavy metal-binding domain-containing protein,GCF_000148815.2__pp3__1793105-1845954__LPST_RS08580,pp3,0.9593,high
GCF_000338115.2__pp2__1430063-1473182__ZJ316_RS06640,GCF_000338115.2,pp2,hypothetical protein,207,DUF4352 domain-containing protein,GCF_014131735.1__pp2__2214048-2255622__E5260_RS10650,pp2,0.989,high
GCF_000338115.2__pp2__1430063-1473182__ZJ316_RS06645,GCF_000338115.2,pp2,hypothetical protein,146,DUF1828 domain-containing protein,GCF_014131735.1__pp1__1061088-1107946__E5260_RS04750,pp1,0.9878,high
GCF_000338115.2__pp2__1430063-1473182__ZJ316_RS06660,GCF_000338115.2,pp2,hypothetical protein,69,helix-turn-helix domain-containing protein,GCF_000148815.2__pp4__2142373-2187941__LPST_RS10275,pp4,0.973,high
GCF_000338115.2__pp2__1430063-1473182__ZJ316_RS06675,GCF_000338115.2,pp2,hypothetical protein,93,DUF771 domain-containing protein,GCF_001704335.1__pp6__3166433-3209564__AVR83_RS15265,pp6,0.9841,high
GCF_000338115.2__pp2__1430063-1473182__ZJ316_RS16550,GCF_000338115.2,pp2,hypothetical protein,58,RusA family crossover junction endodeoxyribonuclease,GCF_001704335.1__pp5__2192291-2268807__AVR83_RS10450,pp5,0.9833,high
GCF_000338115.2__pp2__1430063-1473182__ZJ316_RS15880,GCF_000338115.2,pp2,hypothetical protein,61,Prophage Lp2 protein 21,GCA_000392485.2__pp2__2026993-2083990__LBP_cg2007,pp2,0.9788,high
GCF_000338115.2__pp2__1430063-1473182__ZJ316_RS16555,GCF_000338115.2,pp2,hypothetical protein,56,IS66 family insertion sequence element accessory protein TnpB,GCF_041888805.1__pp2__343838-371175__ACEPPB_RS01670,pp2,0.9861,high
GCF_000338115.2__pp2__1430063-1473182__ZJ316_RS06695,GCF_000338115.2,pp2,hypothetical protein,207,phage major capsid protein,GCF_000010145.1__pp2__531913-574579__LAF_RS02735,pp2,0.9756,high
GCF_000338115.2__pp2__1430063-1473182__ZJ316_RS06700,GCF_000338115.2,pp2,hypothetical protein,184,DUF1617 family protein,GCF_000148815.2__pp4__2142373-2187941__LPST_RS10075,pp4,0.9894,high
GCF_000338115.2__pp2__1430063-1473182__ZJ316_RS06730,GCF_000338115.2,pp2,hypothetical protein,103,DUF5049 domain-containing protein,GCF_000014425.1__pp2__1464980-1483558__LGAS_RS07280,pp2,0.9853,high
GCF_000338115.2__pp2__1430063-1473182__ZJ316_RS06735,GCF_000338115.2,pp2,hypothetical protein,137,Prophage Lp3 protein 20,GCA_000392485.2__pp2__2026993-2083990__LBP_cg2021,pp2,0.9768,high
GCF_000338115.2__pp2__1430063-1473182__ZJ316_RS15590,GCF_000338115.2,pp2,hypothetical protein,229,phage holin,GCF_000014425.1__pp1__600763-679301__LGAS_RS03115,pp1,0.9774,high
GCF_000338115.2__pp2__1430063-1473182__ZJ316_RS06750,GCF_000338115.2,pp2,hypothetical protein,71,head-tail connector protein,GCF_000010145.1__pp2__531913-574579__LAF_RS02740,pp2,0.9887,high
GCF_000338115.2__pp2__1430063-1473182__ZJ316_RS06760,GCF_000338115.2,pp2,hypothetical protein,80,KTSC domain-containing protein,GCF_000148815.2__pp4__2142373-2187941__LPST_RS10195,pp4,0.9868,high
GCF_000338115.2__pp2__1430063-1473182__ZJ316_RS06765,GCF_000338115.2,pp2,hypothetical protein,83,DUF6275 family protein,GCF_000016825.1__pp2__869104-911067__LREU_RS04435,pp2,0.9817,high
GCF_000338115.2__pp2__1430063-1473182__ZJ316_RS06795,GCF_000338115.2,pp2,hypothetical protein,101,phage head-tail connector protein,GCF_000248095.2__pp2__574154-622103__LBLM1_RS03000,pp2,0.9901,high
GCF_000338115.2__pp2__1430063-1473182__ZJ316_RS06800,GCF_000338115.2,pp2,hypothetical protein,129,phage head closure protein,GCF_001704335.1__pp1__2461-18355__AVR83_RS00050,pp1,0.9844,high
GCF_000338115.2__pp2__1430063-1473182__ZJ316_RS06810,GCF_000338115.2,pp2,hypothetical protein,140,gp17 family tail completion protein,GCF_000248095.2__pp2__574154-622103__LBLM1_RS03015,pp2,0.9919,high
GCF_000338115.2__pp2__1430063-1473182__ZJ316_RS06825,GCF_000338115.2,pp2,hypothetical protein,73,bacteriocin immunity protein,GCF_000389675.2__pp1__1807540-1828028__LA14_RS08925,pp1,0.9648,high
GCF_000338115.2__pp2__1430063-1473182__ZJ316_RS16770,GCF_000338115.2,pp2,hypothetical protein,58,BC1881 family protein,GCF_000148815.2__pp4__2142373-2187941__LPST_RS16175,pp4,0.9806,high
GCF_000338115.2__pp2__1430063-1473182__ZJ316_RS06855,GCF_000338115.2,pp2,hypothetical protein,126,DUF1056 family protein,GCF_001704335.1__pp1__2461-18355__AVR83_RS00075,pp1,0.98,high
GCF_000338115.2__pp2__1430063-1473182__ZJ316_RS06860,GCF_000338115.2,pp2,hypothetical protein,69,phage holin,GCF_000008065.1__pp1__327894-370611__LJ_RS01735,pp1,0.964,high
GCF_000338115.2__pp3__2072879-2122999__ZJ316_RS09735,GCF_000338115.2,pp3,hypothetical protein,70,Prophage Lp2 protein 54,GCA_000392485.2__pp1__1695128-1736475__LBP_cg1637,pp1,0.9931,high
GCF_000338115.2__pp3__2072879-2122999__ZJ316_RS16580,GCF_000338115.2,pp3,hypothetical protein,53,Prophage Lp2 protein 54,GCA_000392485.2__pp1__1695128-1736475__LBP_cg1637,pp1,0.9459,high
GCF_000338115.2__pp3__2072879-2122999__ZJ316_RS09745,GCF_000338115.2,pp3,hypothetical protein,80,ribosomal-processing cysteine protease Prp,GCF_000008065.1__pp1__327894-370611__LJ_RS09590,pp1,0.978,high
GCF_000338115.2__pp3__2072879-2122999__ZJ316_RS09770,GCF_000338115.2,pp3,hypothetical protein,63,SHOCT domain-containing protein,GCF_041888805.1__pp5__1559525-1628400__ACEPPB_RS08050,pp5,0.9884,high
GCF_000338115.2__pp3__2072879-2122999__ZJ316_RS09775,GCF_000338115.2,pp3,hypothetical protein,127,DUF6096 family protein,GCF_000008065.1__pp1__327894-370611__LJ_RS01695,pp1,0.9862,high
GCF_000338115.2__pp3__2072879-2122999__ZJ316_RS09790,GCF_000338115.2,pp3,hypothetical protein,146,HK97 gp10 family phage protein,GCF_000148815.2__pp4__2142373-2187941__LPST_RS10115,pp4,0.9789,high
GCF_000338115.2__pp3__2072879-2122999__ZJ316_RS09840,GCF_000338115.2,pp3,hypothetical protein,59,phage terminase small subunit P27 family,GCF_000016825.1__pp1__733651-741034__LREU_RS03595,pp1,0.966,high
GCF_000338115.2__pp3__2072879-2122999__ZJ316_RS16585,GCF_000338115.2,pp3,hypothetical protein,149,DUF6275 family protein,GCF_000016825.1__pp2__869104-911067__LREU_RS04435,pp2,0.9828,high
GCF_000338115.2__pp3__2072879-2122999__ZJ316_RS09870,GCF_000338115.2,pp3,hypothetical protein,201,eL43 family ribosomal protein,GCF_001704335.1__pp4__2129360-2166303__AVR83_RS09965,pp4,0.9885,high
GCF_000338115.2__pp3__2072879-2122999__ZJ316_RS09880,GCF_000338115.2,pp3,hypothetical protein,103,phage head-tail connector protein,GCF_000008065.1__pp2__1286306-1330377__LJ_RS06175,pp2,0.9875,high
GCF_000338115.2__pp3__2072879-2122999__ZJ316_RS16835,GCF_000338115.2,pp3,hypothetical protein,58,RusA family crossover junction endodeoxyribonuclease,GCF_000248095.2__pp2__574154-622103__LBLM1_RS02915,pp2,0.9831,high
GCF_000338115.2__pp3__2072879-2122999__ZJ316_RS09895,GCF_000338115.2,pp3,hypothetical protein,267,Phage replication initiation protein,GCA_000392485.2__pp1__1695128-1736475__LBP_cg1671,pp1,0.9922,high
GCF_000338115.2__pp3__2072879-2122999__ZJ316_RS09900,GCF_000338115.2,pp3,hypothetical protein,85,YjcQ family protein,GCF_000248095.2__pp2__574154-622103__LBLM1_RS02985,pp2,0.9769,high
GCF_000338115.2__pp3__2072879-2122999__ZJ316_RS16590,GCF_000338115.2,pp3,hypothetical protein,56,XkdX family protein,GCF_000203855.3__pp1__590128-628381__LP_RS02950,pp1,0.9779,high
GCF_000338115.2__pp3__2072879-2122999__ZJ316_RS09905,GCF_000338115.2,pp3,hypothetical protein,74,XkdX family protein,GCF_000203855.3__pp1__590128-628381__LP_RS02950,pp1,0.932,high
GCF_000338115.2__pp3__2072879-2122999__ZJ316_RS09910,GCF_000338115.2,pp3,hypothetical protein,66,YopX family protein,GCF_001704335.1__pp1__2461-18355__AVR83_RS00125,pp1,0.9786,high
GCF_000338115.2__pp3__2072879-2122999__ZJ316_RS09915,GCF_000338115.2,pp3,hypothetical protein,82,AbrB family transcriptional regulator,GCF_041888805.1__pp5__1559525-1628400__ACEPPB_RS08015,pp5,0.9755,high
GCF_000338115.2__pp3__2072879-2122999__ZJ316_RS09920,GCF_000338115.2,pp3,hypothetical protein,86,helix-turn-helix domain-containing protein,GCF_001704335.1__pp5__2192291-2268807__AVR83_RS10425,pp5,0.9759,high
GCF_000338115.2__pp3__2072879-2122999__ZJ316_RS09925,GCF_000338115.2,pp3,hypothetical protein,108,phage tail assembly chaperone,GCF_000148815.2__pp3__1793105-1845954__LPST_RS08360,pp3,0.9755,high
GCF_000338115.2__pp3__2072879-2122999__ZJ316_RS16940,GCF_000338115.2,pp3,hypothetical protein,43,tail assembly chaperone,GCF_000203855.3__pp3__2163938-2219895__LP_RS10300,pp3,0.97,high
GCF_000338115.2__pp3__2072879-2122999__ZJ316_RS09930,GCF_000338115.2,pp3,hypothetical protein,69,DUF6877 family protein,GCF_000203855.3__pp3__2163938-2219895__LP_RS10380,pp3,0.9893,high
GCF_000338115.2__pp3__2072879-2122999__ZJ316_RS09940,GCF_000338115.2,pp3,hypothetical protein,73,helix-turn-helix domain-containing protein,GCF_001704335.1__pp5__2192291-2268807__AVR83_RS10315,pp5,0.973,high
GCF_000338115.2__pp3__2072879-2122999__ZJ316_RS09950,GCF_000338115.2,pp3,hypothetical protein,92,ImmA/IrrE family metallo-endopeptidase,GCF_000026505.1__pp1__1102527-1140943__LGG_RS05235,pp1,0.9846,high
GCF_000338115.2__pp3__2072879-2122999__ZJ316_RS09955,GCF_000338115.2,pp3,hypothetical protein,128,membrane protein,GCF_000148815.2__pp1__784086-803154__LPST_RS03625,pp1,0.98,high
GCF_000338115.2__pp3__2072879-2122999__ZJ316_RS09960,GCF_000338115.2,pp3,hypothetical protein,232,DUF4352 domain-containing protein,GCF_000014525.1__pp2__1905582-1950646__LSEI_RS09465,pp2,0.9768,high
GCF_000338115.2__pp3__2072879-2122999__ZJ316_RS09970,GCF_000338115.2,pp3,hypothetical protein,66,DUF2273 domain-containing protein,GCF_001704335.1__pp8__24101-56829__AVR83_RS17455,pp8,0.9763,high
GCF_000338115.2__pp3__2072879-2122999__ZJ316_RS09995,GCF_000338115.2,pp3,hypothetical protein,68,DUF1056 family protein,GCF_001704335.1__pp1__2461-18355__AVR83_RS00075,pp1,0.9737,high
GCF_000338115.2__pp4__2405913-2448170__ZJ316_RS11415,GCF_000338115.2,pp4,hypothetical protein,98,hemolysin XhlA family protein,GCF_000023085.1__pp3__1024428-1064020__JDM1_RS05025,pp3,0.973,high
GCF_000338115.2__pp4__2405913-2448170__ZJ316_RS11425,GCF_000338115.2,pp4,hypothetical protein,81,Prophage Lp2 protein 54,GCA_000392485.2__pp1__1695128-1736475__LBP_cg1637,pp1,0.996,high
GCF_000338115.2__pp4__2405913-2448170__ZJ316_RS11430,GCF_000338115.2,pp4,hypothetical protein,455,phage head spike fiber domain-containing protein,GCF_014131735.1__pp2__2214048-2255622__E5260_RS10400,pp2,0.9917,high
GCF_000338115.2__pp4__2405913-2448170__ZJ316_RS11435,GCF_000338115.2,pp4,hypothetical protein,103,DUF2977 domain-containing protein,GCF_000203855.3__pp1__590128-628381__LP_RS02945,pp1,0.9697,high
GCF_000338115.2__pp4__2405913-2448170__ZJ316_RS16595,GCF_000338115.2,pp4,hypothetical protein,719,BppU family phage baseplate upper protein,GCF_000412205.1__pp2__2033545-2090819__LP16_RS09585,pp2,0.9875,high
GCF_000338115.2__pp4__2405913-2448170__ZJ316_RS11445,GCF_000338115.2,pp4,hypothetical protein,96,siphovirus Gp157 family protein,GCF_000023085.1__pp2__513673-552269__JDM1_RS02430,pp2,0.9732,high
GCF_000338115.2__pp4__2405913-2448170__ZJ316_RS11450,GCF_000338115.2,pp4,hypothetical protein,73,phage head-tail connector protein,GCF_000008065.1__pp2__1286306-1330377__LJ_RS06175,pp2,0.9848,high
GCF_000338115.2__pp4__2405913-2448170__ZJ316_RS11475,GCF_000338115.2,pp4,hypothetical protein,172,DUF1351 domain-containing protein,GCF_000008065.1__pp1__327894-370611__LJ_RS01560,pp1,0.9876,high
GCF_000338115.2__pp4__2405913-2448170__ZJ316_RS11485,GCF_000338115.2,pp4,hypothetical protein,141,DUF6711 family protein,GCF_014131735.1__pp1__1061088-1107946__E5260_RS05035,pp1,0.9883,high
GCF_000338115.2__pp4__2405913-2448170__ZJ316_RS11495,GCF_000338115.2,pp4,putative minor capsid protein,129,phage tail domain-containing protein,GCF_000148815.2__pp3__1793105-1845954__LPST_RS08345,pp3,0.9828,high
GCF_000338115.2__pp4__2405913-2448170__ZJ316_RS11505,GCF_000338115.2,pp4,hypothetical protein,86,phage tail tube protein,GCF_000008065.1__pp1__327894-370611__LJ_RS01690,pp1,0.9795,high
GCF_000338115.2__pp4__2405913-2448170__ZJ316_RS11515,GCF_000338115.2,pp4,hypothetical protein,203,phage scaffolding protein,GCF_001704335.1__pp2__462968-500215__AVR83_RS02335,pp2,0.9786,high
GCF_000338115.2__pp4__2405913-2448170__ZJ316_RS15605,GCF_000338115.2,pp4,Putative minor capsid protein,361,phage minor capsid protein,GCF_001704335.1__pp2__462968-500215__AVR83_RS02345,pp2,0.996,high
GCF_000338115.2__pp4__2405913-2448170__ZJ316_RS16600,GCF_000338115.2,pp4,hypothetical protein,49,DUF5049 domain-containing protein,GCF_041888805.1__pp5__1559525-1628400__ACEPPB_RS08000,pp5,0.9883,high
GCF_000338115.2__pp4__2405913-2448170__ZJ316_RS11545,GCF_000338115.2,pp4,hypothetical protein,65,phage head-tail connector protein,GCF_001704335.1__pp5__2192291-2268807__AVR83_RS10550,pp5,0.9699,high
GCF_000338115.2__pp4__2405913-2448170__ZJ316_RS11555,GCF_000338115.2,pp4,hypothetical protein,205,phage head-tail connector protein,GCF_000014525.1__pp2__1905582-1950646__LSEI_RS09260,pp2,0.9878,high
GCF_000338115.2__pp4__2405913-2448170__ZJ316_RS11570,GCF_000338115.2,pp4,hypothetical protein,172,Prophage Lp2 protein 23,GCA_000392485.2__pp2__2026993-2083990__LBP_cg2006,pp2,0.9929,high
GCF_000338115.2__pp4__2405913-2448170__ZJ316_RS11575,GCF_000338115.2,pp4,hypothetical protein,95,Prophage Lp2 protein 21,GCA_000392485.2__pp2__2026993-2083990__LBP_cg2007,pp2,0.9974,high
GCF_000338115.2__pp4__2405913-2448170__ZJ316_RS16945,GCF_000338115.2,pp4,hypothetical protein,42,ASCH domain-containing protein,GCF_000008065.1__pp1__327894-370611__LJ_RS01620,pp1,0.9838,high
GCF_000338115.2__pp4__2405913-2448170__ZJ316_RS16605,GCF_000338115.2,pp4,hypothetical protein,56,Prophage Lp2 protein 21,GCA_000392485.2__pp2__2026993-2083990__LBP_cg2007,pp2,0.9862,high
GCF_000338115.2__pp4__2405913-2448170__ZJ316_RS11635,GCF_000338115.2,pp4,hypothetical protein,137,toxin Cry1Ac domain D-VI-related protein,GCF_000338115.2__pp4__2405913-2448170__ZJ316_RS11640,pp4,0.9717,high
GCF_000338115.2__pp4__2405913-2448170__ZJ316_RS11645,GCF_000338115.2,pp4,hypothetical protein,239,Ltp family lipoprotein,GCF_000203855.3__pp1__590128-628381__LP_RS15865,pp1,0.9633,high
GCF_000338115.2__pp4__2405913-2448170__ZJ316_RS16610,GCF_000338115.2,pp4,hypothetical protein,58,crAss001_48 related protein,GCF_000016825.1__pp2__869104-911067__LREU_RS04365,pp2,0.9886,high
GCF_000338115.2__pp4__2405913-2448170__ZJ316_RS11665,GCF_000338115.2,pp4,hypothetical protein,120,ASCH domain-containing protein,GCF_000008065.1__pp1__327894-370611__LJ_RS01620,pp1,0.9826,high
GCF_000338115.2__pp4__2405913-2448170__ZJ316_RS11670,GCF_000338115.2,pp4,hypothetical protein,221,TIGR02391 family protein,GCF_000014525.1__pp1__501259-545033__LSEI_RS02380,pp1,0.9735,high
GCF_000338115.2__pp4__2405913-2448170__ZJ316_RS11685,GCF_000338115.2,pp4,hypothetical protein,68,Prophage Lp3 protein 24,GCA_000392485.2__pp2__2026993-2083990__LBP_cg2019,pp2,0.9998,high
GCF_000338115.2__pp4__2405913-2448170__ZJ316_RS11695,GCF_000338115.2,pp4,hypothetical protein,77,head-tail connector protein,GCF_000338115.2__pp4__2405913-2448170__ZJ316_RS11500,pp4,0.9655,high
GCF_000338115.2__pp4__2405913-2448170__ZJ316_RS11700,GCF_000338115.2,pp4,hypothetical protein,90,phage head-tail connector protein,GCF_001704335.1__pp4__2129360-2166303__AVR83_RS10055,pp4,0.9633,high
GCF_000389675.2__pp1__1807540-1828028__LA14_RS08810,GCF_000389675.2,pp1,hypothetical protein,140,phage holin family protein,GCF_000023085.1__pp2__513673-552269__JDM1_RS02615,pp2,0.9854,high
GCF_000389675.2__pp1__1807540-1828028__LA14_RS08815,GCF_000389675.2,pp1,hypothetical protein,64,DUF1056 family protein,GCF_000016825.1__pp3__1162622-1201468__LREU_RS10250,pp3,0.9769,high
GCF_000389675.2__pp1__1807540-1828028__LA14_RS08825,GCF_000389675.2,pp1,hypothetical protein,179,DUF3021 domain-containing protein,GCF_000165775.1__pp1__974932-1003815__R0052_RS05170,pp1,0.9546,high
GCF_000389675.2__pp1__1807540-1828028__LA14_RS08830,GCF_000389675.2,pp1,hypothetical protein,60,DUF2273 domain-containing protein,GCF_001704335.1__pp8__24101-56829__AVR83_RS17455,pp8,0.9733,high
GCF_000389675.2__pp1__1807540-1828028__LA14_RS08835,GCF_000389675.2,pp1,hypothetical protein,71,DUF1056 family protein,GCF_001704335.1__pp1__2461-18355__AVR83_RS00075,pp1,0.9824,high
GCF_000389675.2__pp1__1807540-1828028__LA14_RS08840,GCF_000389675.2,pp1,hypothetical protein,51,"bacteriocin-like peptide, LSEI_2386 family",GCF_000011985.1__pp1__1811745-1823767__LBA_RS09695,pp1,0.9741,high
GCF_000389675.2__pp1__1807540-1828028__LA14_RS08845,GCF_000389675.2,pp1,hypothetical protein,64,bacteriocin class II family protein,GCF_000011985.1__pp1__1811745-1823767__LBA_RS08795,pp1,0.9782,high
GCF_000389675.2__pp1__1807540-1828028__LA14_RS08850,GCF_000389675.2,pp1,hypothetical protein,63,ASCH domain-containing protein,GCF_000165775.1__pp2__1078648-1089876__R0052_RS05540,pp2,0.9695,high
GCF_000389675.2__pp1__1807540-1828028__LA14_RS08860,GCF_000389675.2,pp1,hypothetical protein,196,ABC transporter permease,GCF_000010145.1__pp4__2020451-2042852__LAF_RS10190,pp4,0.9506,high
GCF_000389675.2__pp1__1807540-1828028__LA14_RS08870,GCF_000389675.2,pp1,hypothetical protein,134,DUF3021 domain-containing protein,GCF_041888805.1__pp5__1559525-1628400__ACEPPB_RS07870,pp5,0.9814,high
GCF_000389675.2__pp1__1807540-1828028__LA14_RS08895,GCF_000389675.2,pp1,hypothetical protein,63,HK97 gp10 family phage protein,GCF_000014425.1__pp1__600763-679301__LGAS_RS03025,pp1,0.9484,high
GCF_000389675.2__pp1__1807540-1828028__LA14_RS08900,GCF_000389675.2,pp1,hypothetical protein,53,"bacteriocin-like peptide, LSEI_2386 family",GCF_000011985.1__pp1__1811745-1823767__LBA_RS09695,pp1,0.9659,high
GCF_000389675.2__pp1__1807540-1828028__LA14_RS08905,GCF_000389675.2,pp1,hypothetical protein,208,DUF3021 domain-containing protein,GCF_000165775.1__pp1__974932-1003815__R0052_RS05170,pp1,0.9794,high
GCF_000389675.2__pp1__1807540-1828028__LA14_RS08910,GCF_000389675.2,pp1,hypothetical protein,58,"bacteriocin-like peptide, LSEI_2386 family",GCF_000011985.1__pp1__1811745-1823767__LBA_RS09695,pp1,0.9555,high
GCF_000389675.2__pp1__1807540-1828028__LA14_RS08935,GCF_000389675.2,pp1,hypothetical protein,63,superinfection exclusion B family protein,GCF_000008065.1__pp2__1286306-1330377__LJ_RS06225,pp2,0.978,high
GCF_000389675.2__pp1__1807540-1828028__LA14_RS08940,GCF_000389675.2,pp1,hypothetical protein,75,DUF2273 domain-containing protein,GCF_001704335.1__pp8__24101-56829__AVR83_RS17455,pp8,0.98,high
GCF_000412205.1__pp1__825512-847042__LP16_RS16065,GCF_000412205.1,pp1,putative metal homeostasis protein,39,phage terminase small subunit P27 family,GCF_000026505.1__pp2__1528627-1569239__LGG_RS07350,pp2,0.955,high
GCF_000412205.1__pp1__825512-847042__LP16_RS03860,GCF_000412205.1,pp1,hypothetical protein,88,XkdX family protein,GCF_000026505.1__pp1__1102527-1140943__LGG_RS14710,pp1,0.9539,high
GCF_000412205.1__pp2__2033545-2090819__LP16_RS09555,GCF_000412205.1,pp2,hypothetical protein,70,Prophage Lp2 protein 54,GCA_000392485.2__pp1__1695128-1736475__LBP_cg1637,pp1,0.9912,high
GCF_000412205.1__pp2__2033545-2090819__LP16_RS09565,GCF_000412205.1,pp2,hypothetical protein,192,BppU family phage baseplate upper protein,GCF_000412205.1__pp2__2033545-2090819__LP16_RS09585,pp2,0.9837,high
GCF_000412205.1__pp2__2033545-2090819__LP16_RS17060,GCF_000412205.1,pp2,hypothetical protein,310,Prophage Lp1 protein 53,GCA_000392485.2__pp2__2026993-2083990__LBP_cg1979,pp2,0.9688,high
GCF_000412205.1__pp2__2033545-2090819__LP16_RS09590,GCF_000412205.1,pp2,hypothetical protein,136,head-tail connector protein,GCF_001704335.1__pp3__1024001-1037032__AVR83_RS04965,pp3,0.9723,high
GCF_000412205.1__pp2__2033545-2090819__LP16_RS09595,GCF_000412205.1,pp2,hypothetical protein,83,Prophage Lp1 protein 55,GCA_000392485.2__pp2__2026993-2083990__LBP_cg1977,pp2,0.9701,high
GCF_000412205.1__pp2__2033545-2090819__LP16_RS17065,GCF_000412205.1,pp2,hypothetical protein,47,bacteriocin immunity protein,GCF_000389675.2__pp1__1807540-1828028__LA14_RS08925,pp1,0.9813,high
GCF_000412205.1__pp2__2033545-2090819__LP16_RS09620,GCF_000412205.1,pp2,hypothetical protein,78,Prophage Lp2 protein 47,GCA_000392485.2__pp2__2026993-2083990__LBP_cg1983,pp2,0.9981,high
GCF_000412205.1__pp2__2033545-2090819__LP16_RS09630,GCF_000412205.1,pp2,hypothetical protein,186,Prophage Lp2 protein 45,GCA_000392485.2__pp2__2026993-2083990__LBP_cg1985,pp2,0.9999,high
GCF_000412205.1__pp2__2033545-2090819__LP16_RS09640,GCF_000412205.1,pp2,HK97-gp10 family putative phage morphogenesis protein,184,Prophage Lp2 protein 43,GCA_000392485.2__pp2__2026993-2083990__LBP_cg1987,pp2,0.9992,high
GCF_000412205.1__pp2__2033545-2090819__LP16_RS09645,GCF_000412205.1,pp2,hypothetical protein,124,Prophage Lp2 protein 42,GCA_000392485.2__pp2__2026993-2083990__LBP_cg1988,pp2,0.9937,high
GCF_000412205.1__pp2__2033545-2090819__LP16_RS17070,GCF_000412205.1,pp2,hypothetical protein,49,DUF5049 domain-containing protein,GCF_041888805.1__pp5__1559525-1628400__ACEPPB_RS08000,pp5,0.9845,high
GCF_000412205.1__pp2__2033545-2090819__LP16_RS09690,GCF_000412205.1,pp2,hypothetical protein,90,RusA family crossover junction endodeoxyribonuclease,GCF_000014525.1__pp2__1905582-1950646__LSEI_RS09390,pp2,0.9889,high
GCF_000412205.1__pp2__2033545-2090819__LP16_RS09695,GCF_000412205.1,pp2,hypothetical protein,59,RusA family crossover junction endodeoxyribonuclease,GCF_000248095.2__pp2__574154-622103__LBLM1_RS02915,pp2,0.9728,high
GCF_000412205.1__pp2__2033545-2090819__LP16_RS09725,GCF_000412205.1,pp2,hypothetical protein,103,phage head-tail connector protein,GCF_000248095.2__pp2__574154-622103__LBLM1_RS03000,pp2,0.9896,high
GCF_000412205.1__pp2__2033545-2090819__LP16_RS09730,GCF_000412205.1,pp2,hypothetical protein,124,Prophage Lp2 protein 24,GCA_000392485.2__pp1__1695128-1736475__LBP_cg1668,pp1,0.9996,high
GCF_000412205.1__pp2__2033545-2090819__LP16_RS09735,GCF_000412205.1,pp2,hypothetical protein,172,Prophage Lp2 protein 23,GCA_000392485.2__pp2__2026993-2083990__LBP_cg2006,pp2,0.9939,high
GCF_000412205.1__pp2__2033545-2090819__LP16_RS09745,GCF_000412205.1,pp2,hypothetical protein,95,Prophage Lp2 protein 21,GCA_000392485.2__pp2__2026993-2083990__LBP_cg2007,pp2,0.9995,high
GCF_000412205.1__pp2__2033545-2090819__LP16_RS09765,GCF_000412205.1,pp2,hypothetical protein,170,host-nuclease inhibitor Gam family protein,GCF_001704335.1__pp4__2129360-2166303__AVR83_RS09930,pp4,0.9903,high
GCF_000412205.1__pp2__2033545-2090819__LP16_RS17435,GCF_000412205.1,pp2,hypothetical protein,43,AbrB family transcriptional regulator,GCF_041888805.1__pp5__1559525-1628400__ACEPPB_RS08015,pp5,0.9548,high
GCF_000412205.1__pp2__2033545-2090819__LP16_RS16320,GCF_000412205.1,pp2,hypothetical protein,47,head protein,GCF_000008065.1__pp2__1286306-1330377__LJ_RS06195,pp2,0.9816,high
GCF_000412205.1__pp2__2033545-2090819__LP16_RS09790,GCF_000412205.1,pp2,hypothetical protein,64,CD1375 family protein,GCF_000014525.1__pp2__1905582-1950646__LSEI_RS14285,pp2,0.9895,high
GCF_000412205.1__pp2__2033545-2090819__LP16_RS09810,GCF_000412205.1,pp2,hypothetical protein,263,Ltp family lipoprotein,GCF_001704335.1__pp5__2192291-2268807__AVR83_RS19235,pp5,0.9752,high
GCF_000412205.1__pp2__2033545-2090819__LP16_RS09815,GCF_000412205.1,pp2,hypothetical protein,84,superinfection exclusion B family protein,GCF_000008065.1__pp2__1286306-1330377__LJ_RS06225,pp2,0.9767,high
GCF_000412205.1__pp2__2033545-2090819__LP16_RS09820,GCF_000412205.1,pp2,hypothetical protein,236,Ltp family lipoprotein,GCF_001704335.1__pp5__2192291-2268807__AVR83_RS19235,pp5,0.9805,high
GCF_000412205.1__pp2__2033545-2090819__LP16_RS17075,GCF_000412205.1,pp2,hypothetical protein,58,crAss001_48 related protein,GCF_000016825.1__pp2__869104-911067__LREU_RS04365,pp2,0.989,high
GCF_000412205.1__pp2__2033545-2090819__LP16_RS09840,GCF_000412205.1,pp2,hypothetical protein,364,DUF6978 family protein,GCF_000148815.2__pp4__2142373-2187941__LPST_RS10325,pp4,0.9842,high
GCF_000412205.1__pp2__2033545-2090819__LP16_RS09855,GCF_000412205.1,pp2,hypothetical protein,68,Prophage Lp3 protein 24,GCA_000392485.2__pp2__2026993-2083990__LBP_cg2019,pp2,1.0,high
GCF_000412205.1__pp2__2033545-2090819__LP16_RS09865,GCF_000412205.1,pp2,hypothetical protein,101,DUF1056 family protein,GCF_000016825.1__pp3__1162622-1201468__LREU_RS10250,pp3,0.9838,high
GCF_000412205.1__pp2__2033545-2090819__LP16_RS09870,GCF_000412205.1,pp2,hypothetical protein,123,Prophage Lp3 protein 20,GCA_000392485.2__pp2__2026993-2083990__LBP_cg2021,pp2,0.9996,high
GCF_000412205.1__pp2__2033545-2090819__LP16_RS09890,GCF_000412205.1,pp2,hypothetical protein,66,DUF1056 family protein,GCF_000338115.2__pp3__2072879-2122999__ZJ316_RS09820,pp3,0.9781,high
GCF_000412205.1__pp2__2033545-2090819__LP16_RS09915,GCF_000412205.1,pp2,hypothetical protein,94,eL43 family ribosomal protein,GCF_001704335.1__pp4__2129360-2166303__AVR83_RS09965,pp4,0.9831,high
GCF_000412205.1__pp2__2033545-2090819__LP16_RS09920,GCF_000412205.1,pp2,hypothetical protein,139,Prophage Lp4 protein 12,GCA_000392485.2__pp2__2026993-2083990__LBP_cg2032,pp2,0.9997,high
GCF_000412205.1__pp2__2033545-2090819__LP16_RS09935,GCF_000412205.1,pp2,hypothetical protein,83,crAss001_48 related protein,GCF_000016825.1__pp2__869104-911067__LREU_RS04365,pp2,0.9856,high
GCF_000412205.1__pp2__2033545-2090819__LP16_RS09965,GCF_000412205.1,pp2,hypothetical protein,77,head-tail connector protein,GCF_000338115.2__pp4__2405913-2448170__ZJ316_RS11500,pp4,0.9655,high
GCF_000412205.1__pp2__2033545-2090819__LP16_RS09970,GCF_000412205.1,pp2,hypothetical protein,90,phage terminase small subunit P27 family,GCF_000010145.1__pp2__531913-574579__LAF_RS02715,pp2,0.9653,high
GCF_000412205.1__pp3__656-20092__LP16_RS16910,GCF_000412205.1,pp3,putative holin-like toxin,20,LPXTG cell wall anchor domain-containing protein,GCF_000026505.1__pp2__1528627-1569239__LGG_RS15705,pp2,0.9548,high
GCF_000412205.1__pp3__656-20092__LP16_RS14860,GCF_000412205.1,pp3,putative holin-like toxin,25,type I toxin-antitoxin system Fst family toxin,GCF_000014425.1__pp1__600763-679301__LGAS_RS09750,pp1,0.9529,high
GCF_000412205.1__pp3__656-20092__LP16_RS17175,GCF_000412205.1,pp3,putative holin-like toxin,20,DUF1056 family protein,GCF_000016825.1__pp3__1162622-1201468__LREU_RS10250,pp3,0.9661,high
GCF_001704335.1__pp1__2461-18355__AVR83_RS00025,GCF_001704335.1,pp1,hypothetical protein,63,SHOCT domain-containing protein,GCF_041888805.1__pp5__1559525-1628400__ACEPPB_RS08050,pp5,0.988,high
GCF_001704335.1__pp1__2461-18355__AVR83_RS00030,GCF_001704335.1,pp1,hypothetical protein,127,DUF6096 family protein,GCF_000008065.1__pp1__327894-370611__LJ_RS01695,pp1,0.9862,high
GCF_001704335.1__pp1__2461-18355__AVR83_RS00045,GCF_001704335.1,pp1,hypothetical protein,146,HK97 gp10 family phage protein,GCF_000148815.2__pp4__2142373-2187941__LPST_RS10115,pp4,0.9797,high
GCF_001704335.1__pp1__2461-18355__AVR83_RS00100,GCF_001704335.1,pp1,hypothetical protein,59,phage terminase small subunit P27 family,GCF_000016825.1__pp1__733651-741034__LREU_RS03595,pp1,0.9759,high
GCF_001704335.1__pp1__2461-18355__AVR83_RS00105,GCF_001704335.1,pp1,hypothetical protein,183,phage holin,GCF_000014425.1__pp1__600763-679301__LGAS_RS03115,pp1,0.9814,high
GCF_001704335.1__pp1__2461-18355__AVR83_RS00115,GCF_001704335.1,pp1,hypothetical protein,64,DUF6877 family protein,GCF_000203855.3__pp3__2163938-2219895__LP_RS10380,pp3,0.9911,high
GCF_001704335.1__pp1__2461-18355__AVR83_RS00120,GCF_001704335.1,pp1,hypothetical protein,138,DUF1642 domain-containing protein,GCF_000203855.3__pp1__590128-628381__LP_RS02830,pp1,0.9943,high
GCF_001704335.1__pp1__2461-18355__AVR83_RS18785,GCF_001704335.1,pp1,hypothetical protein,58,DUF6877 family protein,GCF_000203855.3__pp3__2163938-2219895__LP_RS10380,pp3,0.9819,high
GCF_001704335.1__pp1__2461-18355__AVR83_RS18505,GCF_001704335.1,pp1,hypothetical protein,55,DUF1056 family protein,GCF_000026505.1__pp2__1528627-1569239__LGG_RS16420,pp2,0.9799,high
GCF_001704335.1__pp1__2461-18355__AVR83_RS18510,GCF_001704335.1,pp1,hypothetical protein,52,phage terminase small subunit P27 family,GCF_000016825.1__pp1__733651-741034__LREU_RS03595,pp1,0.9561,high
GCF_001704335.1__pp1__2461-18355__AVR83_RS00135,GCF_001704335.1,pp1,hypothetical protein,102,phage terminase small subunit P27 family,GCF_000016825.1__pp1__733651-741034__LREU_RS03595,pp1,0.9853,high
GCF_001704335.1__pp2__462968-500215__AVR83_RS02240,GCF_001704335.1,pp2,hypothetical protein,98,hemolysin XhlA family protein,GCF_000023085.1__pp3__1024428-1064020__JDM1_RS05025,pp3,0.9743,high
GCF_001704335.1__pp2__462968-500215__AVR83_RS02250,GCF_001704335.1,pp2,hypothetical protein,70,Prophage Lp2 protein 54,GCA_000392485.2__pp1__1695128-1736475__LBP_cg1637,pp1,0.9896,high
GCF_001704335.1__pp2__462968-500215__AVR83_RS02255,GCF_001704335.1,pp2,hypothetical protein,364,Prophage Lp2 protein 53,GCA_000392485.2__pp1__1695128-1736475__LBP_cg1638,pp1,0.9924,high
GCF_001704335.1__pp2__462968-500215__AVR83_RS02260,GCF_001704335.1,pp2,hypothetical protein,103,Prophage Lp1 protein 56,GCA_000392485.2__pp2__2026993-2083990__LBP_cg1976,pp2,0.9728,high
GCF_001704335.1__pp2__462968-500215__AVR83_RS18805,GCF_001704335.1,pp2,hypothetical protein,719,BppU family phage baseplate upper protein,GCF_000412205.1__pp2__2033545-2090819__LP16_RS09585,pp2,0.9866,high
GCF_001704335.1__pp2__462968-500215__AVR83_RS18810,GCF_001704335.1,pp2,hypothetical protein,96,DUF1351 domain-containing protein,GCF_000023085.1__pp3__1024428-1064020__JDM1_RS04870,pp3,0.9687,high
GCF_001704335.1__pp2__462968-500215__AVR83_RS02275,GCF_001704335.1,pp2,hypothetical protein,97,phage tail protein,GCF_000248095.2__pp2__574154-622103__LBLM1_RS03020,pp2,0.9849,high
GCF_001704335.1__pp2__462968-500215__AVR83_RS02300,GCF_001704335.1,pp2,hypothetical protein,143,phage terminase small subunit P27 family,GCF_014131735.1__pp2__2214048-2255622__E5260_RS10495,pp2,0.9894,high
GCF_001704335.1__pp2__462968-500215__AVR83_RS02320,GCF_001704335.1,pp2,putative minor capsid protein,116,phage head closure protein,GCF_000019245.4__pp1__971299-993782__LCAZH_RS05215,pp1,0.9848,high
GCF_001704335.1__pp2__462968-500215__AVR83_RS02330,GCF_001704335.1,pp2,hypothetical protein,295,major capsid protein,GCF_001704335.1__pp5__2192291-2268807__AVR83_RS10545,pp5,0.9943,high
GCF_001704335.1__pp2__462968-500215__AVR83_RS02340,GCF_001704335.1,pp2,hypothetical protein,87,ASCH domain-containing protein,GCF_000008065.1__pp1__327894-370611__LJ_RS01620,pp1,0.9798,high
GCF_001704335.1__pp2__462968-500215__AVR83_RS02365,GCF_001704335.1,pp2,hypothetical protein,62,protein-tyrosine phosphatase family protein,GCF_000014525.1__pp2__1905582-1950646__LSEI_RS09445,pp2,0.9853,high
GCF_001704335.1__pp2__462968-500215__AVR83_RS17685,GCF_001704335.1,pp2,hypothetical protein,55,Prophage Lp1 protein 32,GCA_000392485.2__pp1__1695128-1736475__LBP_cg1662,pp1,0.989,high
GCF_001704335.1__pp2__462968-500215__AVR83_RS02380,GCF_001704335.1,pp2,hypothetical protein,115,DUF6275 family protein,GCF_001704335.1__pp5__2192291-2268807__AVR83_RS10510,pp5,0.9918,high
GCF_001704335.1__pp2__462968-500215__AVR83_RS18555,GCF_001704335.1,pp2,hypothetical protein,57,DUF1642 domain-containing protein,GCF_000338115.2__pp3__2072879-2122999__ZJ316_RS09860,pp3,0.9794,high
GCF_001704335.1__pp2__462968-500215__AVR83_RS02390,GCF_001704335.1,pp2,hypothetical protein,72,ribosomal-processing cysteine protease Prp,GCF_000008065.1__pp1__327894-370611__LJ_RS09590,pp1,0.9798,high
GCF_001704335.1__pp2__462968-500215__AVR83_RS02395,GCF_001704335.1,pp2,hypothetical protein,131,head protein,GCF_000008065.1__pp2__1286306-1330377__LJ_RS06195,pp2,0.9808,high
GCF_001704335.1__pp2__462968-500215__AVR83_RS19425,GCF_001704335.1,pp2,hypothetical protein,44,DUF6877 family protein,GCF_000203855.3__pp3__2163938-2219895__LP_RS10380,pp3,0.9678,high
GCF_001704335.1__pp2__462968-500215__AVR83_RS02400,GCF_001704335.1,pp2,hypothetical protein,76,head-tail connector protein,GCF_000338115.2__pp4__2405913-2448170__ZJ316_RS11500,pp4,0.9812,high
GCF_001704335.1__pp2__462968-500215__AVR83_RS02410,GCF_001704335.1,pp2,hypothetical protein,177,Prophage Lp2 protein 23,GCA_000392485.2__pp2__2026993-2083990__LBP_cg2006,pp2,0.9968,high
GCF_001704335.1__pp2__462968-500215__AVR83_RS02415,GCF_001704335.1,pp2,hypothetical protein,95,Prophage Lp2 protein 21,GCA_000392485.2__pp2__2026993-2083990__LBP_cg2007,pp2,0.9987,high
GCF_001704335.1__pp2__462968-500215__AVR83_RS02420,GCF_001704335.1,pp2,hypothetical protein,294,DnaD domain-containing protein,GCF_014131735.1__pp1__1061088-1107946__E5260_RS04890,pp1,0.9917,high
GCF_001704335.1__pp2__462968-500215__AVR83_RS02430,GCF_001704335.1,pp2,hypothetical protein,170,host-nuclease inhibitor Gam family protein,GCF_001704335.1__pp4__2129360-2166303__AVR83_RS09930,pp4,0.9922,high
GCF_001704335.1__pp2__462968-500215__AVR83_RS19430,GCF_001704335.1,pp2,hypothetical protein,43,AbrB family transcriptional regulator,GCF_041888805.1__pp5__1559525-1628400__ACEPPB_RS08015,pp5,0.9487,high
GCF_001704335.1__pp2__462968-500215__AVR83_RS19435,GCF_001704335.1,pp2,hypothetical protein,42,ASCH domain-containing protein,GCF_000008065.1__pp1__327894-370611__LJ_RS01620,pp1,0.9819,high
GCF_001704335.1__pp2__462968-500215__AVR83_RS02435,GCF_001704335.1,pp2,hypothetical protein,95,sporulation protein Cse60,GCF_000008065.1__pp2__1286306-1330377__LJ_RS06240,pp2,0.9884,high
GCF_001704335.1__pp2__462968-500215__AVR83_RS02440,GCF_001704335.1,pp2,hypothetical protein,95,helix-turn-helix domain-containing protein,GCF_001704335.1__pp5__2192291-2268807__AVR83_RS10425,pp5,0.998,high
GCF_001704335.1__pp2__462968-500215__AVR83_RS02445,GCF_001704335.1,pp2,hypothetical protein,184,Prophage Lp2 protein 13,GCA_000392485.2__pp2__2026993-2083990__LBP_cg2013,pp2,0.9745,high
GCF_001704335.1__pp2__462968-500215__AVR83_RS02450,GCF_001704335.1,pp2,hypothetical protein,60,DUF6877 family protein,GCF_000016825.1__pp2__869104-911067__LREU_RS04300,pp2,0.9862,high
GCF_001704335.1__pp2__462968-500215__AVR83_RS02455,GCF_001704335.1,pp2,hypothetical protein,92,ASCH domain-containing protein,GCF_000008065.1__pp1__327894-370611__LJ_RS01620,pp1,0.9843,high
GCF_001704335.1__pp2__462968-500215__AVR83_RS18560,GCF_001704335.1,pp2,hypothetical protein,46,BC1881 family protein,GCF_000412205.1__pp2__2033545-2090819__LP16_RS16845,pp2,0.9803,high
GCF_001704335.1__pp2__462968-500215__AVR83_RS02465,GCF_001704335.1,pp2,hypothetical protein,66,phage tail assembly chaperone G,GCF_000338115.2__pp2__1430063-1473182__ZJ316_RS06820,pp2,0.9794,high
GCF_001704335.1__pp2__462968-500215__AVR83_RS02485,GCF_001704335.1,pp2,hypothetical protein,290,DUF4352 domain-containing protein,GCF_000023085.1__pp3__1024428-1064020__JDM1_RS04805,pp3,0.9839,high
GCF_001704335.1__pp3__1024001-1037032__AVR83_RS05005,GCF_001704335.1,pp3,hypothetical protein,63,sporulation protein Cse60,GCF_000008065.1__pp2__1286306-1330377__LJ_RS06240,pp2,0.9895,high
GCF_001704335.1__pp3__1024001-1037032__AVR83_RS05010,GCF_001704335.1,pp3,hypothetical protein,118,RusA family crossover junction endodeoxyribonuclease,GCF_000014525.1__pp2__1905582-1950646__LSEI_RS09390,pp2,0.9893,high
GCF_001704335.1__pp3__1024001-1037032__AVR83_RS05015,GCF_001704335.1,pp3,hypothetical protein,524,"phage/plasmid primase, P4 family",GCF_041888805.1__pp3__824738-831451__ACEPPB_RS04035,pp3,0.9869,high
GCF_001704335.1__pp3__1024001-1037032__AVR83_RS05025,GCF_001704335.1,pp3,hypothetical protein,72,phage head-tail connector protein,GCF_001704335.1__pp5__2192291-2268807__AVR83_RS10550,pp5,0.9843,high
GCF_001704335.1__pp3__1024001-1037032__AVR83_RS05035,GCF_001704335.1,pp3,hypothetical protein,65,helix-turn-helix domain-containing protein,GCF_000248095.2__pp3__645322-648828__LBLM1_RS03260,pp3,0.9764,high
GCF_001704335.1__pp4__2129360-2166303__AVR83_RS09895,GCF_001704335.1,pp4,hypothetical protein,236,Ltp family lipoprotein,GCF_001704335.1__pp5__2192291-2268807__AVR83_RS19235,pp5,0.9817,high
GCF_001704335.1__pp4__2129360-2166303__AVR83_RS09915,GCF_001704335.1,pp4,hypothetical protein,60,phage head-tail connector protein,GCF_000203855.3__pp1__590128-628381__LP_RS02880,pp1,0.9865,high
GCF_001704335.1__pp4__2129360-2166303__AVR83_RS09920,GCF_001704335.1,pp4,hypothetical protein,184,Prophage Lp2 protein 13,GCA_000392485.2__pp2__2026993-2083990__LBP_cg2013,pp2,0.9755,high
GCF_001704335.1__pp4__2129360-2166303__AVR83_RS09925,GCF_001704335.1,pp4,hypothetical protein,81,helix-turn-helix domain-containing protein,GCF_000026505.1__pp1__1102527-1140943__LGG_RS05265,pp1,0.983,high
GCF_001704335.1__pp4__2129360-2166303__AVR83_RS09940,GCF_001704335.1,pp4,hypothetical protein,262,DnaD domain-containing protein,GCF_014131735.1__pp1__1061088-1107946__E5260_RS04890,pp1,0.9845,high
GCF_001704335.1__pp4__2129360-2166303__AVR83_RS09950,GCF_001704335.1,pp4,hypothetical protein,166,Prophage Lp2 protein 23,GCA_000392485.2__pp1__1695128-1736475__LBP_cg1669,pp1,0.9937,high
GCF_001704335.1__pp4__2129360-2166303__AVR83_RS09960,GCF_001704335.1,pp4,hypothetical protein,76,RusA family crossover junction endodeoxyribonuclease,GCF_000014525.1__pp2__1905582-1950646__LSEI_RS09390,pp2,0.9862,high
GCF_001704335.1__pp4__2129360-2166303__AVR83_RS09970,GCF_001704335.1,pp4,hypothetical protein,59,Prophage Lp2 protein 23,GCA_000392485.2__pp2__2026993-2083990__LBP_cg2006,pp2,0.9825,high
GCF_001704335.1__pp4__2129360-2166303__AVR83_RS19485,GCF_001704335.1,pp4,hypothetical protein,44,DUF6877 family protein,GCF_000203855.3__pp3__2163938-2219895__LP_RS10380,pp3,0.9703,high
GCF_001704335.1__pp4__2129360-2166303__AVR83_RS09975,GCF_001704335.1,pp4,hypothetical protein,131,ribosomal-processing cysteine protease Prp,GCF_000008065.1__pp1__327894-370611__LJ_RS09590,pp1,0.9819,high
GCF_001704335.1__pp4__2129360-2166303__AVR83_RS09980,GCF_001704335.1,pp4,hypothetical protein,72,ribosomal-processing cysteine protease Prp,GCF_000008065.1__pp1__327894-370611__LJ_RS09590,pp1,0.9798,high
GCF_001704335.1__pp4__2129360-2166303__AVR83_RS18605,GCF_001704335.1,pp4,hypothetical protein,57,DUF1642 domain-containing protein,GCF_000338115.2__pp3__2072879-2122999__ZJ316_RS09860,pp3,0.9794,high
GCF_001704335.1__pp4__2129360-2166303__AVR83_RS09990,GCF_001704335.1,pp4,hypothetical protein,115,DUF6275 family protein,GCF_001704335.1__pp5__2192291-2268807__AVR83_RS10510,pp5,0.9918,high
GCF_001704335.1__pp4__2129360-2166303__AVR83_RS18030,GCF_001704335.1,pp4,hypothetical protein,55,Prophage Lp1 protein 32,GCA_000392485.2__pp1__1695128-1736475__LBP_cg1662,pp1,0.989,high
GCF_001704335.1__pp4__2129360-2166303__AVR83_RS10010,GCF_001704335.1,pp4,hypothetical protein,183,DUF4393 domain-containing protein,GCF_000014525.1__pp2__1905582-1950646__LSEI_RS09470,pp2,0.9808,high
GCF_001704335.1__pp4__2129360-2166303__AVR83_RS10015,GCF_001704335.1,pp4,hypothetical protein,59,RusA family crossover junction endodeoxyribonuclease,GCF_000248095.2__pp2__574154-622103__LBLM1_RS02915,pp2,0.9793,high
GCF_001704335.1__pp4__2129360-2166303__AVR83_RS10020,GCF_001704335.1,pp4,hypothetical protein,92,sporulation protein Cse60,GCF_000008065.1__pp2__1286306-1330377__LJ_RS06240,pp2,0.9874,high
GCF_001704335.1__pp4__2129360-2166303__AVR83_RS10060,GCF_001704335.1,pp4,hypothetical protein,107,Prophage Lp2 protein 42,GCA_000392485.2__pp2__2026993-2083990__LBP_cg1988,pp2,0.9982,high
GCF_001704335.1__pp4__2129360-2166303__AVR83_RS10065,GCF_001704335.1,pp4,HK97-gp10 family putative phage morphogenesis protein,184,Prophage Lp2 protein 43,GCA_000392485.2__pp2__2026993-2083990__LBP_cg1987,pp2,0.9986,high
GCF_001704335.1__pp4__2129360-2166303__AVR83_RS10075,GCF_001704335.1,pp4,hypothetical protein,196,tail protein,GCF_000203855.3__pp3__2163938-2219895__LP_RS10305,pp3,0.996,high
GCF_001704335.1__pp4__2129360-2166303__AVR83_RS10085,GCF_001704335.1,pp4,hypothetical protein,70,Prophage Lp2 protein 47,GCA_000392485.2__pp2__2026993-2083990__LBP_cg1983,pp2,0.9955,high
GCF_001704335.1__pp4__2129360-2166303__AVR83_RS10105,GCF_001704335.1,pp4,hypothetical protein,85,SGNH/GDSL hydrolase family protein,GCF_000008065.1__pp2__1286306-1330377__LJ_RS06120,pp2,0.9757,high
GCF_001704335.1__pp4__2129360-2166303__AVR83_RS10110,GCF_001704335.1,pp4,hypothetical protein,96,helix-turn-helix domain-containing protein,GCF_000248095.2__pp2__574154-622103__LBLM1_RS03095,pp2,0.9785,high
GCF_001704335.1__pp4__2129360-2166303__AVR83_RS18865,GCF_001704335.1,pp4,hypothetical protein,719,BppU family phage baseplate upper protein,GCF_000412205.1__pp2__2033545-2090819__LP16_RS09585,pp2,0.9886,high
GCF_001704335.1__pp4__2129360-2166303__AVR83_RS10120,GCF_001704335.1,pp4,hypothetical protein,103,Prophage Lp1 protein 56,GCA_000392485.2__pp2__2026993-2083990__LBP_cg1976,pp2,0.9726,high
GCF_001704335.1__pp4__2129360-2166303__AVR83_RS10125,GCF_001704335.1,pp4,hypothetical protein,335,phage head spike fiber domain-containing protein,GCF_014131735.1__pp2__2214048-2255622__E5260_RS10400,pp2,0.9933,high
GCF_001704335.1__pp4__2129360-2166303__AVR83_RS10130,GCF_001704335.1,pp4,hypothetical protein,80,Prophage Lp2 protein 54,GCA_000392485.2__pp1__1695128-1736475__LBP_cg1637,pp1,0.9928,high
GCF_001704335.1__pp4__2129360-2166303__AVR83_RS10140,GCF_001704335.1,pp4,hypothetical protein,98,hemolysin XhlA family protein,GCF_000023085.1__pp3__1024428-1064020__JDM1_RS05025,pp3,0.9746,high
GCF_001704335.1__pp5__2192291-2268807__AVR83_RS10295,GCF_001704335.1,pp5,hypothetical protein,104,DUF806 family protein,GCF_000016825.1__pp3__1162622-1201468__LREU_RS05825,pp3,0.9899,high
GCF_001704335.1__pp5__2192291-2268807__AVR83_RS18880,GCF_001704335.1,pp5,hypothetical protein,56,Prophage Lp2 protein 21,GCA_000392485.2__pp2__2026993-2083990__LBP_cg2007,pp2,0.9862,high
GCF_001704335.1__pp5__2192291-2268807__AVR83_RS19525,GCF_001704335.1,pp5,hypothetical protein,42,KTSC domain-containing protein,GCF_000412205.1__pp2__2033545-2090819__LP16_RS09705,pp2,0.9811,high
GCF_001704335.1__pp5__2192291-2268807__AVR83_RS10340,GCF_001704335.1,pp5,hypothetical protein,95,Prophage Lp2 protein 21,GCA_000392485.2__pp2__2026993-2083990__LBP_cg2007,pp2,0.9994,high
GCF_001704335.1__pp5__2192291-2268807__AVR83_RS10345,GCF_001704335.1,pp5,hypothetical protein,172,Prophage Lp2 protein 23,GCA_000392485.2__pp2__2026993-2083990__LBP_cg2006,pp2,0.9947,high
GCF_001704335.1__pp5__2192291-2268807__AVR83_RS10350,GCF_001704335.1,pp5,hypothetical protein,126,endodeoxyribonuclease,GCF_000203855.3__pp3__2163938-2219895__LP_RS10400,pp3,0.9997,high
GCF_001704335.1__pp5__2192291-2268807__AVR83_RS18885,GCF_001704335.1,pp5,hypothetical protein,46,50S ribosomal protein L32,GCF_000248095.2__pp2__574154-622103__LBLM1_RS02820,pp2,0.9563,high
GCF_001704335.1__pp5__2192291-2268807__AVR83_RS10380,GCF_001704335.1,pp5,hypothetical protein,68,protein-tyrosine phosphatase family protein,GCF_000014525.1__pp2__1905582-1950646__LSEI_RS09445,pp2,0.9864,high
GCF_001704335.1__pp5__2192291-2268807__AVR83_RS18640,GCF_001704335.1,pp5,hypothetical protein,52,protein-tyrosine phosphatase family protein,GCF_000014525.1__pp2__1905582-1950646__LSEI_RS09445,pp2,0.9815,high
GCF_001704335.1__pp5__2192291-2268807__AVR83_RS18645,GCF_001704335.1,pp5,hypothetical protein,54,DUF2321 domain-containing protein,GCF_000008065.1__pp2__1286306-1330377__LJ_RS06290,pp2,0.9763,high
GCF_001704335.1__pp5__2192291-2268807__AVR83_RS18650,GCF_001704335.1,pp5,hypothetical protein,46,BC1881 family protein,GCF_000412205.1__pp2__2033545-2090819__LP16_RS16845,pp2,0.9803,high
GCF_001704335.1__pp5__2192291-2268807__AVR83_RS10410,GCF_001704335.1,pp5,hypothetical protein,92,ASCH domain-containing protein,GCF_000008065.1__pp1__327894-370611__LJ_RS01620,pp1,0.9843,high
GCF_001704335.1__pp5__2192291-2268807__AVR83_RS10415,GCF_001704335.1,pp5,hypothetical protein,60,DUF6877 family protein,GCF_000016825.1__pp2__869104-911067__LREU_RS04300,pp2,0.9862,high
GCF_001704335.1__pp5__2192291-2268807__AVR83_RS10420,GCF_001704335.1,pp5,hypothetical protein,184,Prophage Lp2 protein 13,GCA_000392485.2__pp2__2026993-2083990__LBP_cg2013,pp2,0.9745,high
GCF_001704335.1__pp5__2192291-2268807__AVR83_RS19530,GCF_001704335.1,pp5,hypothetical protein,42,phage tail assembly chaperone G,GCF_000023085.1__pp2__513673-552269__JDM1_RS02570,pp2,0.9827,high
GCF_001704335.1__pp5__2192291-2268807__AVR83_RS19535,GCF_001704335.1,pp5,hypothetical protein,43,AbrB family transcriptional regulator,GCF_041888805.1__pp5__1559525-1628400__ACEPPB_RS08015,pp5,0.9487,high
GCF_001704335.1__pp5__2192291-2268807__AVR83_RS10430,GCF_001704335.1,pp5,hypothetical protein,170,host-nuclease inhibitor Gam family protein,GCF_001704335.1__pp4__2129360-2166303__AVR83_RS09930,pp4,0.9922,high
GCF_001704335.1__pp5__2192291-2268807__AVR83_RS10445,GCF_001704335.1,pp5,hypothetical protein,171,Prophage Lp2 protein 23,GCA_000392485.2__pp1__1695128-1736475__LBP_cg1669,pp1,0.9961,high
GCF_001704335.1__pp5__2192291-2268807__AVR83_RS10455,GCF_001704335.1,pp5,hypothetical protein,76,ASCH domain-containing protein,GCF_000165775.1__pp2__1078648-1089876__R0052_RS05540,pp2,0.9825,high
GCF_001704335.1__pp5__2192291-2268807__AVR83_RS19540,GCF_001704335.1,pp5,hypothetical protein,43,Prophage Lp1 protein 32,GCA_000392485.2__pp1__1695128-1736475__LBP_cg1662,pp1,0.9723,high
GCF_001704335.1__pp5__2192291-2268807__AVR83_RS19545,GCF_001704335.1,pp5,hypothetical protein,43,DUF1056 family protein,GCF_001704335.1__pp1__2461-18355__AVR83_RS00075,pp1,0.9833,high
GCF_001704335.1__pp5__2192291-2268807__AVR83_RS10465,GCF_001704335.1,pp5,hypothetical protein,198,eL43 family ribosomal protein,GCF_001704335.1__pp4__2129360-2166303__AVR83_RS09965,pp4,0.9901,high
GCF_001704335.1__pp5__2192291-2268807__AVR83_RS18660,GCF_001704335.1,pp5,hypothetical protein,49,DUF1056 family protein,GCF_001704335.1__pp1__2461-18355__AVR83_RS00075,pp1,0.9807,high
GCF_001704335.1__pp5__2192291-2268807__AVR83_RS18890,GCF_001704335.1,pp5,hypothetical protein,49,DUF2273 domain-containing protein,GCF_001704335.1__pp8__24101-56829__AVR83_RS17455,pp8,0.9794,high
GCF_001704335.1__pp5__2192291-2268807__AVR83_RS10480,GCF_001704335.1,pp5,hypothetical protein,102,Prophage Lp2 protein 41,GCA_000392485.2__pp2__2026993-2083990__LBP_cg1989,pp2,0.9905,high
GCF_001704335.1__pp5__2192291-2268807__AVR83_RS10485,GCF_001704335.1,pp5,hypothetical protein,63,DUF1056 family protein,GCF_000016825.1__pp3__1162622-1201468__LREU_RS10250,pp3,0.9867,high
GCF_001704335.1__pp5__2192291-2268807__AVR83_RS10505,GCF_001704335.1,pp5,hypothetical protein,67,ribosomal-processing cysteine protease Prp,GCF_000008065.1__pp1__327894-370611__LJ_RS09590,pp1,0.9865,high
GCF_001704335.1__pp5__2192291-2268807__AVR83_RS18670,GCF_001704335.1,pp5,hypothetical protein,53,RusA family crossover junction endodeoxyribonuclease,GCF_000248095.2__pp2__574154-622103__LBLM1_RS02915,pp2,0.9801,high
GCF_001704335.1__pp5__2192291-2268807__AVR83_RS10540,GCF_001704335.1,pp5,hypothetical protein,123,phage tail protein,GCF_000338115.2__pp3__2072879-2122999__ZJ316_RS09780,pp3,0.9848,high
GCF_001704335.1__pp5__2192291-2268807__AVR83_RS10555,GCF_001704335.1,pp5,hypothetical protein,110,head-tail connector protein,GCF_000338115.2__pp4__2405913-2448170__ZJ316_RS11500,pp4,0.9853,high
GCF_001704335.1__pp5__2192291-2268807__AVR83_RS10560,GCF_001704335.1,pp5,HK97-gp10 family putative phage morphogenesis protein,163,Prophage Lp2 protein 43,GCA_000392485.2__pp2__2026993-2083990__LBP_cg1987,pp2,0.9838,high
GCF_001704335.1__pp5__2192291-2268807__AVR83_RS10565,GCF_001704335.1,pp5,hypothetical protein,131,phage tail terminator protein,GCF_001704335.1__pp2__462968-500215__AVR83_RS02310,pp2,0.9859,high
GCF_001704335.1__pp5__2192291-2268807__AVR83_RS10570,GCF_001704335.1,pp5,hypothetical protein,217,tail protein,GCF_000203855.3__pp3__2163938-2219895__LP_RS10305,pp3,0.9913,high
GCF_001704335.1__pp5__2192291-2268807__AVR83_RS10580,GCF_001704335.1,pp5,hypothetical protein,80,phage terminase small subunit P27 family,GCF_000026505.1__pp2__1528627-1569239__LGG_RS07350,pp2,0.9762,high
GCF_001704335.1__pp5__2192291-2268807__AVR83_RS10590,GCF_001704335.1,pp5,hypothetical protein,88,ERF family protein,GCF_000412205.1__pp2__2033545-2090819__LP16_RS09760,pp2,0.9687,high
GCF_001704335.1__pp5__2192291-2268807__AVR83_RS10605,GCF_001704335.1,pp5,hypothetical protein,121,pyocin knob domain-containing protein,GCF_000014425.1__pp1__600763-679301__LGAS_RS03090,pp1,0.971,high
GCF_001704335.1__pp5__2192291-2268807__AVR83_RS10610,GCF_001704335.1,pp5,hypothetical protein,91,phage head-tail connector protein,GCF_001704335.1__pp5__2192291-2268807__AVR83_RS10550,pp5,0.9849,high
GCF_001704335.1__pp5__2192291-2268807__AVR83_RS18895,GCF_001704335.1,pp5,hypothetical protein,719,BppU family phage baseplate upper protein,GCF_000412205.1__pp2__2033545-2090819__LP16_RS09585,pp2,0.989,high
GCF_001704335.1__pp5__2192291-2268807__AVR83_RS10620,GCF_001704335.1,pp5,hypothetical protein,103,Prophage Lp1 protein 56,GCA_000392485.2__pp2__2026993-2083990__LBP_cg1976,pp2,0.9726,high
GCF_001704335.1__pp5__2192291-2268807__AVR83_RS10625,GCF_001704335.1,pp5,hypothetical protein,335,phage head spike fiber domain-containing protein,GCF_014131735.1__pp2__2214048-2255622__E5260_RS10400,pp2,0.9933,high
GCF_001704335.1__pp5__2192291-2268807__AVR83_RS10630,GCF_001704335.1,pp5,hypothetical protein,70,Prophage Lp2 protein 54,GCA_000392485.2__pp1__1695128-1736475__LBP_cg1637,pp1,0.9915,high
GCF_001704335.1__pp5__2192291-2268807__AVR83_RS10640,GCF_001704335.1,pp5,hypothetical protein,98,hemolysin XhlA family protein,GCF_000023085.1__pp3__1024428-1064020__JDM1_RS05025,pp3,0.973,high
GCF_001704335.1__pp5__2192291-2268807__AVR83_RS10660,GCF_001704335.1,pp5,hypothetical protein,84,phage head closure protein,GCF_041888805.1__pp4__1529913-1535609__ACEPPB_RS07540,pp4,0.9839,high
GCF_001704335.1__pp5__2192291-2268807__AVR83_RS10665,GCF_001704335.1,pp5,hypothetical protein,59,RusA family crossover junction endodeoxyribonuclease,GCF_000248095.2__pp2__574154-622103__LBLM1_RS02915,pp2,0.9798,high
GCF_001704335.1__pp5__2192291-2268807__AVR83_RS10695,GCF_001704335.1,pp5,hypothetical protein,92,sporulation protein Cse60,GCF_000008065.1__pp2__1286306-1330377__LJ_RS06240,pp2,0.9871,high
GCF_001704335.1__pp5__2192291-2268807__AVR83_RS10700,GCF_001704335.1,pp5,hypothetical protein,68,phage tail tube assembly chaperone,GCF_000026505.1__pp2__1528627-1569239__LGG_RS07300,pp2,0.9815,high
GCF_001704335.1__pp5__2192291-2268807__AVR83_RS10710,GCF_001704335.1,pp5,hypothetical protein,115,tail protein,GCF_000203855.3__pp3__2163938-2219895__LP_RS10305,pp3,0.9878,high
GCF_001704335.1__pp5__2192291-2268807__AVR83_RS10720,GCF_001704335.1,pp5,hypothetical protein,58,DUF1617 family protein,GCF_000338115.2__pp2__1430063-1473182__ZJ316_RS06845,pp2,0.9656,high
GCF_001704335.1__pp5__2192291-2268807__AVR83_RS10730,GCF_001704335.1,pp5,hypothetical protein,115,minor capsid protein,GCF_001704335.1__pp2__462968-500215__AVR83_RS02315,pp2,0.9784,high
GCF_001704335.1__pp5__2192291-2268807__AVR83_RS10740,GCF_001704335.1,pp5,hypothetical protein,121,DUF3168 domain-containing protein,GCF_000014525.1__pp2__1905582-1950646__LSEI_RS09245,pp2,0.9919,high
GCF_001704335.1__pp5__2192291-2268807__AVR83_RS10755,GCF_001704335.1,pp5,hypothetical protein,67,phage terminase small subunit P27 family,GCF_000019245.4__pp1__971299-993782__LCAZH_RS05185,pp1,0.9836,high
GCF_001704335.1__pp5__2192291-2268807__AVR83_RS10770,GCF_001704335.1,pp5,hypothetical protein,1751,gp58-like family protein,GCF_000148815.2__pp4__2142373-2187941__LPST_RS10080,pp4,0.9991,high
GCF_001704335.1__pp5__2192291-2268807__AVR83_RS10780,GCF_001704335.1,pp5,hypothetical protein,144,DUF2634 domain-containing protein,GCF_000014425.1__pp1__600763-679301__LGAS_RS03075,pp1,0.9696,high
GCF_001704335.1__pp5__2192291-2268807__AVR83_RS10790,GCF_001704335.1,pp5,hypothetical protein,98,hemolysin XhlA family protein,GCF_000023085.1__pp3__1024428-1064020__JDM1_RS05025,pp3,0.9726,high
GCF_001704335.1__pp6__3166433-3209564__AVR83_RS15095,GCF_001704335.1,pp6,hypothetical protein,119,phage head spike fiber domain-containing protein,GCF_014131735.1__pp2__2214048-2255622__E5260_RS10400,pp2,0.978,high
GCF_001704335.1__pp6__3166433-3209564__AVR83_RS18915,GCF_001704335.1,pp6,hypothetical protein,53,DUF4355 domain-containing protein,GCF_000248095.2__pp2__574154-622103__LBLM1_RS11455,pp2,0.9536,high
GCF_001704335.1__pp6__3166433-3209564__AVR83_RS15100,GCF_001704335.1,pp6,hypothetical protein,80,ribosomal-processing cysteine protease Prp,GCF_000008065.1__pp1__327894-370611__LJ_RS09590,pp1,0.9762,high
GCF_001704335.1__pp6__3166433-3209564__AVR83_RS15125,GCF_001704335.1,pp6,hypothetical protein,61,SHOCT domain-containing protein,GCF_041888805.1__pp5__1559525-1628400__ACEPPB_RS08050,pp5,0.9867,high
GCF_001704335.1__pp6__3166433-3209564__AVR83_RS15145,GCF_001704335.1,pp6,HK97-gp10 family putative phage morphogenesis protein,135,phage terminase small subunit P27 family,GCF_000023085.1__pp3__1024428-1064020__JDM1_RS04925,pp3,0.9807,high
GCF_001704335.1__pp6__3166433-3209564__AVR83_RS15190,GCF_001704335.1,pp6,hypothetical protein,83,P27 family phage terminase small subunit,GCF_000023085.1__pp2__513673-552269__JDM1_RS02520,pp2,0.9859,high
GCF_001704335.1__pp6__3166433-3209564__AVR83_RS15195,GCF_001704335.1,pp6,hypothetical protein,92,head protein,GCF_000008065.1__pp2__1286306-1330377__LJ_RS06195,pp2,0.9863,high
GCF_001704335.1__pp6__3166433-3209564__AVR83_RS18920,GCF_001704335.1,pp6,hypothetical protein,56,phage terminase small subunit P27 family,GCF_000016825.1__pp1__733651-741034__LREU_RS03595,pp1,0.9697,high
GCF_001704335.1__pp6__3166433-3209564__AVR83_RS15205,GCF_001704335.1,pp6,hypothetical protein,270,DUF4393 domain-containing protein,GCF_000165775.1__pp3__1750321-1777635__R0052_RS10925,pp3,0.9879,high
GCF_001704335.1__pp6__3166433-3209564__AVR83_RS18925,GCF_001704335.1,pp6,hypothetical protein,58,DUF6877 family protein,GCF_000203855.3__pp3__2163938-2219895__LP_RS10380,pp3,0.9819,high
GCF_001704335.1__pp6__3166433-3209564__AVR83_RS18695,GCF_001704335.1,pp6,hypothetical protein,55,DUF1056 family protein,GCF_000026505.1__pp2__1528627-1569239__LGG_RS16420,pp2,0.9799,high
GCF_001704335.1__pp6__3166433-3209564__AVR83_RS18700,GCF_001704335.1,pp6,hypothetical protein,52,phage terminase small subunit P27 family,GCF_000016825.1__pp1__733651-741034__LREU_RS03595,pp1,0.9561,high
GCF_001704335.1__pp6__3166433-3209564__AVR83_RS15225,GCF_001704335.1,pp6,hypothetical protein,102,phage terminase small subunit P27 family,GCF_000016825.1__pp1__733651-741034__LREU_RS03595,pp1,0.9853,high
GCF_001704335.1__pp6__3166433-3209564__AVR83_RS15240,GCF_001704335.1,pp6,hypothetical protein,85,YjcQ family protein,GCF_000248095.2__pp2__574154-622103__LBLM1_RS02985,pp2,0.9763,high
GCF_001704335.1__pp6__3166433-3209564__AVR83_RS18930,GCF_001704335.1,pp6,hypothetical protein,56,DUF6877 family protein,GCF_000203855.3__pp3__2163938-2219895__LP_RS10380,pp3,0.9878,high
GCF_001704335.1__pp6__3166433-3209564__AVR83_RS19565,GCF_001704335.1,pp6,hypothetical protein,44,YopX family protein,GCF_001704335.1__pp1__2461-18355__AVR83_RS00125,pp1,0.974,high
GCF_001704335.1__pp6__3166433-3209564__AVR83_RS15250,GCF_001704335.1,pp6,hypothetical protein,84,BC1881 family protein,GCF_000148815.2__pp4__2142373-2187941__LPST_RS16175,pp4,0.9849,high
GCF_001704335.1__pp6__3166433-3209564__AVR83_RS15260,GCF_001704335.1,pp6,hypothetical protein,96,DUF6275 family protein,GCF_001704335.1__pp5__2192291-2268807__AVR83_RS10510,pp5,0.9913,high
GCF_001704335.1__pp6__3166433-3209564__AVR83_RS15270,GCF_001704335.1,pp6,hypothetical protein,69,head-tail connector protein,GCF_000010145.1__pp2__531913-574579__LAF_RS02740,pp2,0.9858,high
GCF_001704335.1__pp6__3166433-3209564__AVR83_RS18705,GCF_001704335.1,pp6,hypothetical protein,53,phage tail tube assembly chaperone,GCF_000010145.1__pp2__531913-574579__LAF_RS02765,pp2,0.9852,high
GCF_001704335.1__pp6__3166433-3209564__AVR83_RS15275,GCF_001704335.1,pp6,hypothetical protein,69,DUF6877 family protein,GCF_000203855.3__pp3__2163938-2219895__LP_RS10380,pp3,0.9893,high
GCF_001704335.1__pp6__3166433-3209564__AVR83_RS15305,GCF_001704335.1,pp6,hypothetical protein,72,DUF2273 domain-containing protein,GCF_001704335.1__pp8__24101-56829__AVR83_RS17455,pp8,0.9779,high
GCF_001704335.1__pp6__3166433-3209564__AVR83_RS15330,GCF_001704335.1,pp6,hypothetical protein,95,heavy metal-binding domain-containing protein,GCF_000148815.2__pp3__1793105-1845954__LPST_RS08580,pp3,0.9593,high
GCF_001704335.1__pp6__3166433-3209564__AVR83_RS15335,GCF_001704335.1,pp6,hypothetical protein,170,RusA family crossover junction endodeoxyribonuclease,GCF_000203855.3__pp1__590128-628381__LP_RS02805,pp1,0.9611,high
GCF_001704335.1__pp7__3401460-3422490__AVR83_RS16270,GCF_001704335.1,pp7,hypothetical protein,63,SHOCT domain-containing protein,GCF_041888805.1__pp5__1559525-1628400__ACEPPB_RS08050,pp5,0.988,high
GCF_001704335.1__pp7__3401460-3422490__AVR83_RS16275,GCF_001704335.1,pp7,hypothetical protein,127,DUF6096 family protein,GCF_000008065.1__pp1__327894-370611__LJ_RS01695,pp1,0.9862,high
GCF_001704335.1__pp7__3401460-3422490__AVR83_RS16290,GCF_001704335.1,pp7,hypothetical protein,146,HK97 gp10 family phage protein,GCF_000148815.2__pp4__2142373-2187941__LPST_RS10115,pp4,0.9797,high
GCF_001704335.1__pp7__3401460-3422490__AVR83_RS16345,GCF_001704335.1,pp7,hypothetical protein,59,phage terminase small subunit P27 family,GCF_000016825.1__pp1__733651-741034__LREU_RS03595,pp1,0.9759,high
GCF_001704335.1__pp7__3401460-3422490__AVR83_RS16350,GCF_001704335.1,pp7,hypothetical protein,167,phage holin,GCF_000014425.1__pp1__600763-679301__LGAS_RS03115,pp1,0.9809,high
GCF_001704335.1__pp8__24101-56829__AVR83_RS17440,GCF_001704335.1,pp8,putative holin-like toxin,34,type I toxin-antitoxin system Fst family toxin,GCF_000014425.1__pp1__600763-679301__LGAS_RS09750,pp1,0.9565,high
GCF_001704335.1__pp8__24101-56829__AVR83_RS18455,GCF_001704335.1,pp8,hypothetical protein,46,LPXTG cell wall anchor domain-containing protein,GCF_000026505.1__pp2__1528627-1569239__LGG_RS15705,pp2,0.9653,high
GCF_001704335.1__pp8__24101-56829__AVR83_RS18780,GCF_001704335.1,pp8,hypothetical protein,56,phage tail tube assembly chaperone,GCF_000010145.1__pp2__531913-574579__LAF_RS02765,pp2,0.9623,high
GCF_001704335.1__pp8__24101-56829__AVR83_RS17480,GCF_001704335.1,pp8,hypothetical protein,154,DUF1837 domain-containing protein,GCF_041888805.1__pp5__1559525-1628400__ACEPPB_RS07705,pp5,0.9898,high
GCF_001704335.1__pp8__24101-56829__AVR83_RS17510,GCF_001704335.1,pp8,hypothetical protein,285,DUF3278 domain-containing protein,GCF_041888805.1__pp8__2084984-2096462__ACEPPB_RS10390,pp8,0.9646,high
GCF_001704335.1__pp8__24101-56829__AVR83_RS17545,GCF_001704335.1,pp8,hypothetical protein,444,CPBP family intramembrane glutamic endopeptidase,GCF_000389675.2__pp1__1807540-1828028__LA14_RS08920,pp1,0.9739,high
GCF_001704335.1__pp8__24101-56829__AVR83_RS19075,GCF_001704335.1,pp8,hypothetical protein,71,phage head-tail connector protein,GCF_014131735.1__pp1__1061088-1107946__E5260_RS04995,pp1,0.9541,high
GCF_001704335.1__pp8__24101-56829__AVR83_RS19010,GCF_001704335.1,pp8,hypothetical protein,57,Prophage Lp2 protein 47,GCA_000392485.2__pp2__2026993-2083990__LBP_cg1983,pp2,0.9757,high
GCF_014131735.1__pp1__1061088-1107946__E5260_RS04720,GCF_014131735.1,pp1,hypothetical protein,90,phage head-tail connector protein,GCF_001704335.1__pp4__2129360-2166303__AVR83_RS10055,pp4,0.9644,high
GCF_014131735.1__pp1__1061088-1107946__E5260_RS04725,GCF_014131735.1,pp1,hypothetical protein,77,head-tail connector protein,GCF_000338115.2__pp4__2405913-2448170__ZJ316_RS11500,pp4,0.9655,high
GCF_014131735.1__pp1__1061088-1107946__E5260_RS04735,GCF_014131735.1,pp1,hypothetical protein,68,Prophage Lp3 protein 24,GCA_000392485.2__pp2__2026993-2083990__LBP_cg2019,pp2,1.0,high
GCF_014131735.1__pp1__1061088-1107946__E5260_RS04765,GCF_014131735.1,pp1,hypothetical protein,58,crAss001_48 related protein,GCF_000016825.1__pp2__869104-911067__LREU_RS04365,pp2,0.9886,high
GCF_014131735.1__pp1__1061088-1107946__E5260_RS04780,GCF_014131735.1,pp1,hypothetical protein,93,heavy metal-binding domain-containing protein,GCF_000148815.2__pp3__1793105-1845954__LPST_RS08580,pp3,0.9608,high
GCF_014131735.1__pp1__1061088-1107946__E5260_RS04790,GCF_014131735.1,pp1,hypothetical protein,239,Ltp family lipoprotein,GCF_000203855.3__pp1__590128-628381__LP_RS15865,pp1,0.9595,high
GCF_014131735.1__pp1__1061088-1107946__E5260_RS04805,GCF_014131735.1,pp1,hypothetical protein,122,membrane protein,GCF_000203855.3__pp1__590128-628381__LP_RS02720,pp1,0.9998,high
GCF_014131735.1__pp1__1061088-1107946__E5260_RS04810,GCF_014131735.1,pp1,hypothetical protein,84,superinfection exclusion B family protein,GCF_000008065.1__pp2__1286306-1330377__LJ_RS06225,pp2,0.9784,high
GCF_014131735.1__pp1__1061088-1107946__E5260_RS04815,GCF_014131735.1,pp1,hypothetical protein,311,Ltp family lipoprotein,GCF_000203855.3__pp1__590128-628381__LP_RS15865,pp1,0.9796,high
GCF_014131735.1__pp1__1061088-1107946__E5260_RS04835,GCF_014131735.1,pp1,hypothetical protein,104,DUF806 family protein,GCF_000016825.1__pp3__1162622-1201468__LREU_RS05825,pp3,0.9891,high
GCF_014131735.1__pp1__1061088-1107946__E5260_RS04840,GCF_014131735.1,pp1,hypothetical protein,167,TIGR02391 family protein,GCF_000014525.1__pp1__501259-545033__LSEI_RS02380,pp1,0.9738,high
GCF_014131735.1__pp1__1061088-1107946__E5260_RS04855,GCF_014131735.1,pp1,hypothetical protein,98,phage head-tail connector protein,GCF_000014525.1__pp2__1905582-1950646__LSEI_RS09260,pp2,0.9835,high
GCF_014131735.1__pp1__1061088-1107946__E5260_RS04860,GCF_014131735.1,pp1,hypothetical protein,56,Prophage Lp2 protein 21,GCA_000392485.2__pp2__2026993-2083990__LBP_cg2007,pp2,0.9862,high
GCF_014131735.1__pp1__1061088-1107946__E5260_RS15425,GCF_014131735.1,pp1,hypothetical protein,42,ASCH domain-containing protein,GCF_000008065.1__pp1__327894-370611__LJ_RS01620,pp1,0.9826,high
GCF_014131735.1__pp1__1061088-1107946__E5260_RS04895,GCF_014131735.1,pp1,hypothetical protein,95,Prophage Lp2 protein 21,GCA_000392485.2__pp2__2026993-2083990__LBP_cg2007,pp2,0.9974,high
GCF_014131735.1__pp1__1061088-1107946__E5260_RS04900,GCF_014131735.1,pp1,hypothetical protein,172,Prophage Lp2 protein 23,GCA_000392485.2__pp2__2026993-2083990__LBP_cg2006,pp2,0.9988,high
GCF_014131735.1__pp1__1061088-1107946__E5260_RS04905,GCF_014131735.1,pp1,hypothetical protein,124,Prophage Lp2 protein 24,GCA_000392485.2__pp2__2026993-2083990__LBP_cg2005,pp2,0.9998,high
GCF_014131735.1__pp1__1061088-1107946__E5260_RS04910,GCF_014131735.1,pp1,hypothetical protein,70,DUF6275 family protein,GCF_000016825.1__pp2__869104-911067__LREU_RS04435,pp2,0.9814,high
GCF_014131735.1__pp1__1061088-1107946__E5260_RS04915,GCF_014131735.1,pp1,hypothetical protein,46,50S ribosomal protein L32,GCF_000248095.2__pp2__574154-622103__LBLM1_RS02820,pp2,0.9613,high
GCF_014131735.1__pp1__1061088-1107946__E5260_RS04965,GCF_014131735.1,pp1,hypothetical protein,92,sporulation protein Cse60,GCF_000008065.1__pp2__1286306-1330377__LJ_RS06240,pp2,0.9871,high
GCF_014131735.1__pp1__1061088-1107946__E5260_RS04970,GCF_014131735.1,pp1,hypothetical protein,68,phage tail tube assembly chaperone,GCF_000026505.1__pp2__1528627-1569239__LGG_RS07300,pp2,0.9811,high
GCF_014131735.1__pp1__1061088-1107946__E5260_RS04980,GCF_014131735.1,pp1,hypothetical protein,116,tail protein,GCF_000203855.3__pp3__2163938-2219895__LP_RS10305,pp3,0.9877,high
GCF_014131735.1__pp1__1061088-1107946__E5260_RS04990,GCF_014131735.1,pp1,hypothetical protein,58,DUF1617 family protein,GCF_000338115.2__pp2__1430063-1473182__ZJ316_RS06845,pp2,0.9656,high
GCF_014131735.1__pp1__1061088-1107946__E5260_RS05000,GCF_014131735.1,pp1,hypothetical protein,115,minor capsid protein,GCF_001704335.1__pp2__462968-500215__AVR83_RS02315,pp2,0.9784,high
GCF_014131735.1__pp1__1061088-1107946__E5260_RS05010,GCF_014131735.1,pp1,hypothetical protein,121,DUF3168 domain-containing protein,GCF_000014525.1__pp2__1905582-1950646__LSEI_RS09245,pp2,0.9913,high
GCF_014131735.1__pp1__1061088-1107946__E5260_RS05025,GCF_014131735.1,pp1,hypothetical protein,105,phage terminase small subunit P27 family,GCF_000019245.4__pp1__971299-993782__LCAZH_RS05185,pp1,0.9828,high
GCF_014131735.1__pp1__1061088-1107946__E5260_RS05030,GCF_014131735.1,pp1,hypothetical protein,1943,phage tail protein,GCF_001704335.1__pp5__2192291-2268807__AVR83_RS10760,pp5,1.0,high
GCF_014131735.1__pp1__1061088-1107946__E5260_RS05040,GCF_014131735.1,pp1,hypothetical protein,1799,gp58-like family protein,GCF_000148815.2__pp4__2142373-2187941__LPST_RS10080,pp4,0.9949,high
GCF_014131735.1__pp1__1061088-1107946__E5260_RS05050,GCF_014131735.1,pp1,hypothetical protein,144,DUF2634 domain-containing protein,GCF_000014425.1__pp1__600763-679301__LGAS_RS03075,pp1,0.9696,high
GCF_014131735.1__pp1__1061088-1107946__E5260_RS05060,GCF_014131735.1,pp1,hypothetical protein,98,hemolysin XhlA family protein,GCF_000023085.1__pp3__1024428-1064020__JDM1_RS05025,pp3,0.9739,high
GCF_014131735.1__pp2__2214048-2255622__E5260_RS10385,GCF_014131735.1,pp2,hypothetical protein,98,hemolysin XhlA family protein,GCF_000023085.1__pp3__1024428-1064020__JDM1_RS05025,pp3,0.9721,high
GCF_014131735.1__pp2__2214048-2255622__E5260_RS10395,GCF_014131735.1,pp2,hypothetical protein,70,Prophage Lp2 protein 54,GCA_000392485.2__pp1__1695128-1736475__LBP_cg1637,pp1,0.9881,high
GCF_014131735.1__pp2__2214048-2255622__E5260_RS10405,GCF_014131735.1,pp2,hypothetical protein,53,DUF4355 domain-containing protein,GCF_000248095.2__pp2__574154-622103__LBLM1_RS11455,pp2,0.9505,high
GCF_014131735.1__pp2__2214048-2255622__E5260_RS10410,GCF_014131735.1,pp2,hypothetical protein,79,ribosomal-processing cysteine protease Prp,GCF_000008065.1__pp1__327894-370611__LJ_RS09590,pp1,0.9785,high
GCF_014131735.1__pp2__2214048-2255622__E5260_RS10435,GCF_014131735.1,pp2,hypothetical protein,61,SHOCT domain-containing protein,GCF_041888805.1__pp5__1559525-1628400__ACEPPB_RS08050,pp5,0.9852,high
GCF_014131735.1__pp2__2214048-2255622__E5260_RS10455,GCF_014131735.1,pp2,HK97-gp10 family putative phage morphogenesis protein,135,phage terminase small subunit P27 family,GCF_000023085.1__pp3__1024428-1064020__JDM1_RS04925,pp3,0.9787,high
GCF_014131735.1__pp2__2214048-2255622__E5260_RS10500,GCF_014131735.1,pp2,hypothetical protein,110,DUF6275 family protein,GCF_001704335.1__pp5__2192291-2268807__AVR83_RS10510,pp5,0.9917,high
GCF_014131735.1__pp2__2214048-2255622__E5260_RS10510,GCF_014131735.1,pp2,hypothetical protein,56,phage terminase small subunit P27 family,GCF_000016825.1__pp1__733651-741034__LREU_RS03595,pp1,0.9722,high
GCF_014131735.1__pp2__2214048-2255622__E5260_RS10515,GCF_014131735.1,pp2,hypothetical protein,102,ASCH domain-containing protein,GCF_000165775.1__pp2__1078648-1089876__R0052_RS05540,pp2,0.9927,high
GCF_014131735.1__pp2__2214048-2255622__E5260_RS10520,GCF_014131735.1,pp2,hypothetical protein,101,Prophage Lp3 protein 24,GCA_000392485.2__pp2__2026993-2083990__LBP_cg2019,pp2,0.982,high
GCF_014131735.1__pp2__2214048-2255622__E5260_RS10525,GCF_014131735.1,pp2,hypothetical protein,136,DUF1056 family protein,GCF_000016825.1__pp3__1162622-1201468__LREU_RS10250,pp3,0.9819,high
GCF_014131735.1__pp2__2214048-2255622__E5260_RS10530,GCF_014131735.1,pp2,hypothetical protein,327,class 1b ribonucleoside-diphosphate reductase subunit alpha,GCF_000148815.2__pp5__12196-41603__LPST_RS15205,pp5,0.9838,high
GCF_014131735.1__pp2__2214048-2255622__E5260_RS10540,GCF_014131735.1,pp2,hypothetical protein,52,recombination system host exonuclease inhibitor,GCF_014131735.1__pp1__1061088-1107946__E5260_RS04875,pp1,0.964,high
GCF_014131735.1__pp2__2214048-2255622__E5260_RS10550,GCF_014131735.1,pp2,hypothetical protein,71,head-tail connector protein,GCF_000338115.2__pp4__2405913-2448170__ZJ316_RS11500,pp4,0.9788,high
GCF_014131735.1__pp2__2214048-2255622__E5260_RS10555,GCF_014131735.1,pp2,hypothetical protein,103,phage head-tail connector protein,GCF_000008065.1__pp2__1286306-1330377__LJ_RS06175,pp2,0.9897,high
GCF_014131735.1__pp2__2214048-2255622__E5260_RS10560,GCF_014131735.1,pp2,hypothetical protein,100,"P27 family phage terminase, small subunit",GCA_000392485.2__pp1__1695128-1736475__LBP_cg1657,pp1,0.9869,high
GCF_014131735.1__pp2__2214048-2255622__E5260_RS10570,GCF_014131735.1,pp2,hypothetical protein,265,Phage replication initiation protein,GCA_000392485.2__pp1__1695128-1736475__LBP_cg1671,pp1,0.9933,high
GCF_014131735.1__pp2__2214048-2255622__E5260_RS10575,GCF_014131735.1,pp2,putative HNHc nuclease,230,Prophage Lp2 protein 41,GCA_000392485.2__pp2__2026993-2083990__LBP_cg1989,pp2,0.9824,high
GCF_014131735.1__pp2__2214048-2255622__E5260_RS10580,GCF_014131735.1,pp2,hypothetical protein,101,tail assembly chaperone,GCF_000412205.1__pp2__2033545-2090819__LP16_RS09625,pp2,0.9783,high
GCF_014131735.1__pp2__2214048-2255622__E5260_RS10585,GCF_014131735.1,pp2,hypothetical protein,56,Prophage Lp2 protein 41,GCA_000392485.2__pp2__2026993-2083990__LBP_cg1989,pp2,0.9823,high
GCF_014131735.1__pp2__2214048-2255622__E5260_RS10590,GCF_014131735.1,pp2,hypothetical protein,66,YopX family protein,GCF_001704335.1__pp1__2461-18355__AVR83_RS00125,pp1,0.9779,high
GCF_014131735.1__pp2__2214048-2255622__E5260_RS10595,GCF_014131735.1,pp2,hypothetical protein,82,DUF5049 domain-containing protein,GCF_041888805.1__pp5__1559525-1628400__ACEPPB_RS08000,pp5,0.9807,high
GCF_014131735.1__pp2__2214048-2255622__E5260_RS10605,GCF_014131735.1,pp2,hypothetical protein,96,DUF6275 family protein,GCF_001704335.1__pp5__2192291-2268807__AVR83_RS10510,pp5,0.9907,high
GCF_014131735.1__pp2__2214048-2255622__E5260_RS10610,GCF_014131735.1,pp2,hypothetical protein,86,helix-turn-helix domain-containing protein,GCF_001704335.1__pp5__2192291-2268807__AVR83_RS10425,pp5,0.9788,high
GCF_014131735.1__pp2__2214048-2255622__E5260_RS10615,GCF_014131735.1,pp2,hypothetical protein,73,"prophage P3 protein 11, DNA replication",GCF_000203855.3__pp4__2999326-3007279__LP_RS14110,pp4,0.9768,high
GCF_014131735.1__pp2__2214048-2255622__E5260_RS10620,GCF_014131735.1,pp2,hypothetical protein,82,phage head-tail connector protein,GCF_000203855.3__pp3__2163938-2219895__LP_RS10325,pp3,0.9884,high
GCF_014131735.1__pp2__2214048-2255622__E5260_RS10625,GCF_014131735.1,pp2,hypothetical protein,69,DUF6877 family protein,GCF_000203855.3__pp3__2163938-2219895__LP_RS10380,pp3,0.9893,high
GCF_014131735.1__pp2__2214048-2255622__E5260_RS10635,GCF_014131735.1,pp2,hypothetical protein,71,DUF771 domain-containing protein,GCF_000014425.1__pp1__600763-679301__LGAS_RS03150,pp1,0.9755,high
GCF_014131735.1__pp2__2214048-2255622__E5260_RS10655,GCF_014131735.1,pp2,hypothetical protein,66,DUF2273 domain-containing protein,GCF_001704335.1__pp8__24101-56829__AVR83_RS17455,pp8,0.9728,high
GCF_014131735.1__pp2__2214048-2255622__E5260_RS10670,GCF_014131735.1,pp2,hypothetical protein,104,RusA family crossover junction endodeoxyribonuclease,GCF_000014525.1__pp2__1905582-1950646__LSEI_RS09390,pp2,0.9905,high
GCF_041888805.1__pp1__196402-213707__ACEPPB_RS00830,GCF_041888805.1,pp1,hypothetical protein,78,DUF5388 domain-containing protein,GCF_041888805.1__pp1__196402-213707__ACEPPB_RS00835,pp1,0.9826,high
GCF_041888805.1__pp1__196402-213707__ACEPPB_RS00840,GCF_041888805.1,pp1,hypothetical protein,166,3'-5' exonuclease,GCF_000014525.1__pp1__501259-545033__LSEI_RS02435,pp1,0.9684,high
GCF_041888805.1__pp1__196402-213707__ACEPPB_RS00855,GCF_041888805.1,pp1,hypothetical protein,238,Prophage Lp4 protein 12,GCA_000392485.2__pp2__2026993-2083990__LBP_cg2032,pp2,0.9835,high
GCF_041888805.1__pp1__196402-213707__ACEPPB_RS00860,GCF_041888805.1,pp1,hypothetical protein,978,DUF1837 domain-containing protein,GCF_041888805.1__pp5__1559525-1628400__ACEPPB_RS07705,pp5,0.9817,high
GCF_041888805.1__pp1__196402-213707__ACEPPB_RS00865,GCF_041888805.1,pp1,hypothetical protein,77,protein-tyrosine phosphatase family protein,GCF_000014525.1__pp2__1905582-1950646__LSEI_RS09445,pp2,0.9863,high
GCF_041888805.1__pp1__196402-213707__ACEPPB_RS00870,GCF_041888805.1,pp1,hypothetical protein,188,ASCH domain-containing protein,GCF_000008065.1__pp1__327894-370611__LJ_RS01620,pp1,0.9931,high
GCF_041888805.1__pp1__196402-213707__ACEPPB_RS00890,GCF_041888805.1,pp1,hypothetical protein,62,DUF5049 domain-containing protein,GCF_000014425.1__pp2__1464980-1483558__LGAS_RS07280,pp2,0.9903,high
GCF_041888805.1__pp2__343838-371175__ACEPPB_RS01555,GCF_041888805.1,pp2,hypothetical protein,78,DUF5388 domain-containing protein,GCF_041888805.1__pp1__196402-213707__ACEPPB_RS00835,pp1,0.9823,high
GCF_041888805.1__pp2__343838-371175__ACEPPB_RS01565,GCF_041888805.1,pp2,hypothetical protein,165,3'-5' exonuclease,GCF_000014525.1__pp1__501259-545033__LSEI_RS02435,pp1,0.9663,high
GCF_041888805.1__pp2__343838-371175__ACEPPB_RS01585,GCF_041888805.1,pp2,hypothetical protein,216,superinfection exclusion B family protein,GCF_000008065.1__pp2__1286306-1330377__LJ_RS06225,pp2,0.9827,high
GCF_041888805.1__pp2__343838-371175__ACEPPB_RS01595,GCF_041888805.1,pp2,hypothetical protein,983,DUF1837 domain-containing protein,GCF_041888805.1__pp5__1559525-1628400__ACEPPB_RS07705,pp5,0.9807,high
GCF_041888805.1__pp2__343838-371175__ACEPPB_RS01600,GCF_041888805.1,pp2,hypothetical protein,79,protein-tyrosine phosphatase family protein,GCF_000014525.1__pp2__1905582-1950646__LSEI_RS09445,pp2,0.9775,high
GCF_041888805.1__pp2__343838-371175__ACEPPB_RS01605,GCF_041888805.1,pp2,hypothetical protein,188,ASCH domain-containing protein,GCF_000008065.1__pp1__327894-370611__LJ_RS01620,pp1,0.9929,high
GCF_041888805.1__pp2__343838-371175__ACEPPB_RS01625,GCF_041888805.1,pp2,hypothetical protein,177,DUF3278 domain-containing protein,GCF_041888805.1__pp8__2084984-2096462__ACEPPB_RS10390,pp8,0.9848,high
GCF_041888805.1__pp2__343838-371175__ACEPPB_RS01655,GCF_041888805.1,pp2,hypothetical protein,68,ribosomal-processing cysteine protease Prp,GCF_000008065.1__pp1__327894-370611__LJ_RS09590,pp1,0.9551,high
GCF_041888805.1__pp3__824738-831451__ACEPPB_RS03995,GCF_041888805.1,pp3,hypothetical protein,155,Ltp family lipoprotein,GCF_000203855.3__pp1__590128-628381__LP_RS15865,pp1,0.9468,high
GCF_041888805.1__pp3__824738-831451__ACEPPB_RS04015,GCF_041888805.1,pp3,hypothetical protein,45,DUF1056 family protein,GCF_000338115.2__pp3__2072879-2122999__ZJ316_RS09820,pp3,0.9764,high
GCF_041888805.1__pp3__824738-831451__ACEPPB_RS04020,GCF_041888805.1,pp3,hypothetical protein,103,"prophage P3 protein 11, DNA replication",GCF_000203855.3__pp4__2999326-3007279__LP_RS14110,pp4,0.987,high
GCF_041888805.1__pp3__824738-831451__ACEPPB_RS04025,GCF_041888805.1,pp3,hypothetical protein,99,head-tail connector protein,GCF_001704335.1__pp3__1024001-1037032__AVR83_RS04965,pp3,0.9759,high
GCF_041888805.1__pp5__1559525-1628400__ACEPPB_RS07715,GCF_041888805.1,pp5,hypothetical protein,67,phage head-tail connector protein,GCF_014131735.1__pp1__1061088-1107946__E5260_RS04995,pp1,0.9747,high
GCF_041888805.1__pp5__1559525-1628400__ACEPPB_RS07720,GCF_041888805.1,pp5,hypothetical protein,105,tail assembly chaperone,GCF_000203855.3__pp3__2163938-2219895__LP_RS10300,pp3,0.9865,high
GCF_041888805.1__pp5__1559525-1628400__ACEPPB_RS07740,GCF_041888805.1,pp5,hypothetical protein,128,protein-tyrosine phosphatase family protein,GCF_000014525.1__pp2__1905582-1950646__LSEI_RS09445,pp2,0.9712,high
GCF_041888805.1__pp5__1559525-1628400__ACEPPB_RS07760,GCF_041888805.1,pp5,hypothetical protein,155,ArpU family phage packaging/lysis transcriptional regulator,GCF_000014525.1__pp2__1905582-1950646__LSEI_RS09345,pp2,0.9855,high
GCF_041888805.1__pp5__1559525-1628400__ACEPPB_RS07780,GCF_041888805.1,pp5,hypothetical protein,206,"prophage P3 protein 3, phage-like repressor,C-term domain",GCF_000203855.3__pp4__2999326-3007279__LP_RS14150,pp4,0.9843,high
GCF_041888805.1__pp5__1559525-1628400__ACEPPB_RS07860,GCF_041888805.1,pp5,hypothetical protein,283,ABC-2 transporter permease,GCF_000026505.1__pp2__1528627-1569239__LGG_RS07420,pp2,0.9719,high
GCF_041888805.1__pp5__1559525-1628400__ACEPPB_RS07875,GCF_041888805.1,pp5,hypothetical protein,78,phage head closure protein,GCF_041888805.1__pp4__1529913-1535609__ACEPPB_RS07540,pp4,0.9699,high
GCF_041888805.1__pp5__1559525-1628400__ACEPPB_RS07895,GCF_041888805.1,pp5,hypothetical protein,219,restriction endonuclease subunit S,GCF_000412205.1__pp1__825512-847042__LP16_RS03790,pp1,0.98,high
GCF_041888805.1__pp5__1559525-1628400__ACEPPB_RS07930,GCF_041888805.1,pp5,hypothetical protein,67,RusA family crossover junction endodeoxyribonuclease,GCF_001704335.1__pp5__2192291-2268807__AVR83_RS10450,pp5,0.9739,high
GCF_041888805.1__pp5__1559525-1628400__ACEPPB_RS07935,GCF_041888805.1,pp5,hypothetical protein,111,tail assembly chaperone,GCF_000412205.1__pp2__2033545-2090819__LP16_RS09625,pp2,0.9874,high
GCF_041888805.1__pp5__1559525-1628400__ACEPPB_RS07955,GCF_041888805.1,pp5,hypothetical protein,128,protein-tyrosine phosphatase family protein,GCF_000014525.1__pp2__1905582-1950646__LSEI_RS09445,pp2,0.9723,high
GCF_041888805.1__pp5__1559525-1628400__ACEPPB_RS07975,GCF_041888805.1,pp5,hypothetical protein,155,ArpU family phage packaging/lysis transcriptional regulator,GCF_000014525.1__pp1__501259-545033__LSEI_RS02460,pp1,0.9835,high
GCF_041888805.1__pp5__1559525-1628400__ACEPPB_RS07995,GCF_041888805.1,pp5,hypothetical protein,210,"prophage P3 protein 3, phage-like repressor,C-term domain",GCF_000203855.3__pp4__2999326-3007279__LP_RS14150,pp4,0.9836,high
GCF_041888805.1__pp5__1559525-1628400__ACEPPB_RS08010,GCF_041888805.1,pp5,hypothetical protein,53,type II toxin-antitoxin system Phd/YefM family antitoxin,GCF_000010145.1__pp4__2020451-2042852__LAF_RS10140,pp4,0.9551,high
GCF_041888805.1__pp6__1831614-1851323__ACEPPB_RS09120,GCF_041888805.1,pp6,hypothetical protein,82,protein-tyrosine phosphatase family protein,GCF_000014525.1__pp2__1905582-1950646__LSEI_RS09445,pp2,0.9734,high
GCF_041888805.1__pp6__1831614-1851323__ACEPPB_RS09125,GCF_041888805.1,pp6,hypothetical protein,687,"phage/plasmid primase, P4 family",GCF_041888805.1__pp3__824738-831451__ACEPPB_RS04035,pp3,0.9791,high
GCF_041888805.1__pp6__1831614-1851323__ACEPPB_RS09130,GCF_041888805.1,pp6,hypothetical protein,301,GcrA family cell cycle regulator,GCF_000014525.1__pp1__501259-545033__LSEI_RS02480,pp1,0.9777,high
GCF_041888805.1__pp6__1831614-1851323__ACEPPB_RS09145,GCF_041888805.1,pp6,hypothetical protein,161,3'-5' exonuclease,GCF_000014525.1__pp1__501259-545033__LSEI_RS02435,pp1,0.9629,high
GCF_041888805.1__pp7__1962103-2002786__ACEPPB_RS09675,GCF_041888805.1,pp7,hypothetical protein,61,bacteriocin immunity protein,GCF_000389675.2__pp1__1807540-1828028__LA14_RS08925,pp1,0.9738,high
